university	kind	prefecture	region	city	faculty	department	field	years	capacity
三重県立看護大学	公立	三重県	近畿	津市	看護学部	看護学科	看護・保健	4	100
京都市立芸術大学	公立	京都府	近畿	京都市	美術学部	デザイン科	芸術	4	30
京都市立芸術大学	公立	京都府	近畿	京都市	美術学部	工芸科	工学	4	30
京都市立芸術大学	公立	京都府	近畿	京都市	美術学部	総合芸術学科	芸術	4	5
京都市立芸術大学	公立	京都府	近畿	京都市	美術学部	美術科	芸術	4	70
京都市立芸術大学	公立	京都府	近畿	京都市	音楽学部	音楽学科	芸術	4	65
京都府立医科大学	公立	京都府	近畿	京都市	医学部	医学科	医学	6	106
京都府立医科大学	公立	京都府	近畿	京都市	医学部	看護学科	看護・保健	4	85
京都府立大学	公立	京都府	近畿	京都市	公共政策学部	公共政策学科	社会・国際	4	52
京都府立大学	公立	京都府	近畿	京都市	公共政策学部	福祉社会学科	社会・国際	4	52
京都府立大学	公立	京都府	近畿	京都市	文学部	国際文化交流学科	文・人文	4	32
京都府立大学	公立	京都府	近畿	京都市	文学部	日本・中国文化学科	理学	4	32
京都府立大学	公立	京都府	近畿	京都市	文学部	歴史学科	文・人文	4	43
京都府立大学	公立	京都府	近畿	京都市	環境科学部	森林科学科	農・水産	4	36
京都府立大学	公立	京都府	近畿	京都市	環境科学部	環境デザイン学科	芸術	4	43
京都府立大学	公立	京都府	近畿	京都市	生命理工情報学部	理工情報学科	情報	4	27
京都府立大学	公立	京都府	近畿	京都市	生命理工情報学部	生命化学科	情報	4	32
京都府立大学	公立	京都府	近畿	京都市	農学食科学部	和食文化科学科	農・水産	4	30
京都府立大学	公立	京都府	近畿	京都市	農学食科学部	栄養科学科	農・水産	4	30
京都府立大学	公立	京都府	近畿	京都市	農学食科学部	農学生命科学科	農・水産	4	50
福知山公立大学	公立	京都府	近畿	福知山市	地域経営学部	医療福祉経営学科	看護・保健	4	25
福知山公立大学	公立	京都府	近畿	福知山市	地域経営学部	地域経営学科	経済・経営	4	75
福知山公立大学	公立	京都府	近畿	福知山市	情報学部	情報学科	情報	4	100
兵庫県立大学	公立	兵庫県	近畿	神戸市	国際商経学部	国際商経学科	経済・経営	4	360
兵庫県立大学	公立	兵庫県	近畿	姫路市	工学部	応用化学工学科	工学	4	100
兵庫県立大学	公立	兵庫県	近畿	姫路市	工学部	機械・材料工学科	工学	4	126
兵庫県立大学	公立	兵庫県	近畿	姫路市	工学部	電気電子情報工学科	情報	4	126
兵庫県立大学	公立	兵庫県	近畿	上郡町	理学部	物質科学科	理学	4	90
兵庫県立大学	公立	兵庫県	近畿	上郡町	理学部	生命科学科	理学	4	85
兵庫県立大学	公立	兵庫県	近畿	姫路市	環境人間学部	環境人間学科	社会・国際	4	205
兵庫県立大学	公立	兵庫県	近畿	明石市	看護学部	看護学科	看護・保健	4	105
兵庫県立大学	公立	兵庫県	近畿	神戸市	社会情報科学部	社会情報科学科	情報	4	100
神戸市外国語大学	公立	兵庫県	近畿	神戸市	外国語学部	イスパニア学科	その他	4	40
神戸市外国語大学	公立	兵庫県	近畿	神戸市	外国語学部	ロシア学科	その他	4	40
神戸市外国語大学	公立	兵庫県	近畿	神戸市	外国語学部	中国学科	その他	4	50
神戸市外国語大学	公立	兵庫県	近畿	神戸市	外国語学部	国際関係学科	社会・国際	4	80
神戸市外国語大学	公立	兵庫県	近畿	神戸市	外国語学部	英米学科	その他	4	140
神戸市外国語大学	公立	兵庫県	近畿	神戸市	外国語学部第二部	英米学科	その他	4	80
神戸市看護大学	公立	兵庫県	近畿	神戸市	看護学部	看護学科	看護・保健	4	100
芸術文化観光専門職大学	公立	兵庫県	近畿	豊岡市	芸術文化・観光学部	芸術文化・観光学科	芸術	4	80
公立はこだて未来大学	公立	北海道	北海道	函館市	システム情報科学部	情報アーキテクチャ学科	情報	4	120
公立はこだて未来大学	公立	北海道	北海道	函館市	システム情報科学部	複雑系知能学科	情報	4	120
公立千歳科学技術大学	公立	北海道	北海道	千歳市	理工学部	応用化学生物学科	工学	4	80
公立千歳科学技術大学	公立	北海道	北海道	千歳市	理工学部	情報システム工学科	情報	4	80
公立千歳科学技術大学	公立	北海道	北海道	千歳市	理工学部	電子光工学科	工学	4	80
名寄市立大学	公立	北海道	北海道	名寄市	保健福祉学部	栄養学科	看護・保健	4	40
名寄市立大学	公立	北海道	北海道	名寄市	保健福祉学部	看護学科	看護・保健	4	50
名寄市立大学	公立	北海道	北海道	名寄市	保健福祉学部	社会保育学科	看護・保健	4	50
名寄市立大学	公立	北海道	北海道	名寄市	保健福祉学部	社会福祉学科	看護・保健	4	50
旭川市立大学	公立	北海道	北海道	旭川市	保健福祉学部	コミュニティ福祉学科	看護・保健	4	40
旭川市立大学	公立	北海道	北海道	旭川市	保健福祉学部	保健看護学科	看護・保健	4	60
旭川市立大学	公立	北海道	北海道	旭川市	経済学部	経営経済学科	経済・経営	4	100
札幌医科大学	公立	北海道	北海道	札幌市	保健医療学部	作業療法学科	看護・保健	4	20
札幌医科大学	公立	北海道	北海道	札幌市	保健医療学部	理学療法学科	看護・保健	4	20
札幌医科大学	公立	北海道	北海道	札幌市	保健医療学部	看護学科	看護・保健	4	50
札幌医科大学	公立	北海道	北海道	札幌市	医学部	医学科	医学	6	110
札幌市立大学	公立	北海道	北海道	札幌市	デザイン学部	デザイン学科	芸術	4	90
札幌市立大学	公立	北海道	北海道	札幌市	看護学部	看護学科	看護・保健	4	85
釧路公立大学	公立	北海道	北海道	釧路市	経済学部	経営学科	経済・経営	4	100
釧路公立大学	公立	北海道	北海道	釧路市	経済学部	経済学科	経済・経営	4	200
千葉県立保健医療大学	公立	千葉県	関東	千葉市	健康科学部	リハビリテーション学科	看護・保健	4	50
千葉県立保健医療大学	公立	千葉県	関東	千葉市	健康科学部	栄養学科	体育	4	25
千葉県立保健医療大学	公立	千葉県	関東	千葉市	健康科学部	歯科衛生学科	歯学	4	25
千葉県立保健医療大学	公立	千葉県	関東	千葉市	健康科学部	看護学科	看護・保健	4	80
和歌山県立医科大学	公立	和歌山県	近畿	和歌山市	保健看護学部	保健看護学科	看護・保健	4	80
和歌山県立医科大学	公立	和歌山県	近畿	和歌山市	医学部	医学科	医学	6	100
和歌山県立医科大学	公立	和歌山県	近畿	和歌山市	薬学部	薬学科	薬学	6	100
埼玉県立大学	公立	埼玉県	関東	越谷市	保健医療福祉学部	作業療法学科	看護・保健	4	40
埼玉県立大学	公立	埼玉県	関東	越谷市	保健医療福祉学部	健康開発学科	看護・保健	4	115
埼玉県立大学	公立	埼玉県	関東	越谷市	保健医療福祉学部	理学療法学科	看護・保健	4	40
埼玉県立大学	公立	埼玉県	関東	越谷市	保健医療福祉学部	看護学科	看護・保健	4	130
埼玉県立大学	公立	埼玉県	関東	越谷市	保健医療福祉学部	社会福祉子ども学科	看護・保健	4	70
大分県立看護科学大学	公立	大分県	九州沖縄	大分市	看護学部	看護学科	看護・保健	4	80
大阪公立大学	公立	大阪府	近畿	大阪市	医学部	リハビリテーション学科作業療法学専攻	看護・保健	4	25
大阪公立大学	公立	大阪府	近畿	大阪市	医学部	リハビリテーション学科理学療法学専攻	看護・保健	4	25
大阪公立大学	公立	大阪府	近畿	大阪市	医学部	医学科	医学	6	94
大阪公立大学	公立	大阪府	近畿	大阪市	商学部	公共経営学科	経済・経営	4	75
大阪公立大学	公立	大阪府	近畿	大阪市	商学部	商学科	経済・経営	4	195
大阪公立大学	公立	大阪府	近畿	堺市	工学部	マテリアル工学科	工学	4	43
大阪公立大学	公立	大阪府	近畿	大阪市	工学部	化学バイオ工学科	工学	4	57
大阪公立大学	公立	大阪府	近畿	堺市	工学部	化学工学科	工学	4	38
大阪公立大学	公立	大阪府	近畿	大阪市	工学部	建築学科	工学	4	34
大阪公立大学	公立	大阪府	近畿	堺市	工学部	応用化学科	工学	4	70
大阪公立大学	公立	大阪府	近畿	堺市	工学部	情報工学科	情報	4	77
大阪公立大学	公立	大阪府	近畿	堺市	工学部	機械工学科	工学	4	128
大阪公立大学	公立	大阪府	近畿	堺市	工学部	海洋システム工学科	工学	4	33
大阪公立大学	公立	大阪府	近畿	堺市	工学部	航空宇宙工学科	工学	4	38
大阪公立大学	公立	大阪府	近畿	大阪市	工学部	都市学科	工学	4	50
大阪公立大学	公立	大阪府	近畿	堺市	工学部	電子物理工学科	工学	4	108
大阪公立大学	公立	大阪府	近畿	堺市	工学部	電気電子システム工学科	工学	4	65
大阪公立大学	公立	大阪府	近畿	大阪市	文学部	人間行動学科	文・人文	4	56
大阪公立大学	公立	大阪府	近畿	大阪市	文学部	哲学歴史学科	文・人文	4	32
大阪公立大学	公立	大阪府	近畿	大阪市	文学部	文化構想学科	文・人文	4	29
大阪公立大学	公立	大阪府	近畿	大阪市	文学部	言語文化学科	理学	4	43
大阪公立大学	公立	大阪府	近畿	大阪市	法学部	法学科	法学	4	180
大阪公立大学	公立	大阪府	近畿	泉佐野市	獣医学部	獣医学科	医学	6	40
大阪公立大学	公立	大阪府	近畿	堺市	現代システム科学域	心理学類	理学	4	45
大阪公立大学	公立	大阪府	近畿	堺市	現代システム科学域	教育福祉学類	教育	4	55
大阪公立大学	公立	大阪府	近畿	堺市	現代システム科学域	環境社会システム学類	社会・国際	4	100
大阪公立大学	公立	大阪府	近畿	堺市	現代システム科学域	知識情報システム学類	情報	4	60
大阪公立大学	公立	大阪府	近畿	大阪市	理学部	化学科	理学	4	85
大阪公立大学	公立	大阪府	近畿	大阪市	理学部	地球学科	理学	4	24
大阪公立大学	公立	大阪府	近畿	大阪市	理学部	数学科	理学	4	40
大阪公立大学	公立	大阪府	近畿	大阪市	理学部	物理学科	理学	4	76
大阪公立大学	公立	大阪府	近畿	堺市	理学部	生物化学科	理学	4	34
大阪公立大学	公立	大阪府	近畿	大阪市	理学部	生物学科	理学	4	40
大阪公立大学	公立	大阪府	近畿	大阪市	生活科学部	人間福祉学科	社会・国際	4	45
大阪公立大学	公立	大阪府	近畿	大阪市	生活科学部	居住環境学科	社会・国際	4	43
大阪公立大学	公立	大阪府	近畿	大阪市	生活科学部	食品栄養科学科	その他	4	65
大阪公立大学	公立	大阪府	近畿	大阪市	看護学部	看護学科	看護・保健	4	160
大阪公立大学	公立	大阪府	近畿	大阪市	経済学部	経済学科	経済・経営	4	295
大阪公立大学	公立	大阪府	近畿	堺市	農学部	応用生物科学科	農・水産	4	50
大阪公立大学	公立	大阪府	近畿	堺市	農学部	生命機能化学科	農・水産	4	50
大阪公立大学	公立	大阪府	近畿	堺市	農学部	緑地環境科学科	農・水産	4	50
奈良県立医科大学	公立	奈良県	近畿	橿原市	医学部	医学科	医学	6	113
奈良県立医科大学	公立	奈良県	近畿	橿原市	医学部	看護学科	看護・保健	4	85
奈良県立大学	公立	奈良県	近畿	奈良市	地域創造学部	地域創造学科	社会・国際	4	200
宮城大学	公立	宮城県	東北	大和町	事業構想学群	事業プランニング学類	その他	4	60
宮城大学	公立	宮城県	東北	大和町	事業構想学群	価値創造デザイン学類	芸術	4	80
宮城大学	公立	宮城県	東北	大和町	事業構想学群	地域創生学類	社会・国際	4	60
宮城大学	公立	宮城県	東北	大和町	看護学群	看護学類	看護・保健	4	95
宮城大学	公立	宮城県	東北	仙台市	食産業学群	フードマネジメント学類	その他	4	63
宮城大学	公立	宮城県	東北	仙台市	食産業学群	生物生産学類	農・水産	4	62
宮崎公立大学	公立	宮崎県	九州沖縄	宮崎市	人文学部	国際文化学科	理学	4	200
宮崎県立看護大学	公立	宮崎県	九州沖縄	宮崎市	看護学部	看護学科	看護・保健	4	100
富山県立大学	公立	富山県	中部	射水市	工学部	医薬品工学科	薬学	4	35
富山県立大学	公立	富山県	中部	射水市	工学部	機械システム工学科	工学	4	60
富山県立大学	公立	富山県	中部	射水市	工学部	環境・社会基盤工学科	工学	4	55
富山県立大学	公立	富山県	中部	射水市	工学部	生物工学科	工学	4	40
富山県立大学	公立	富山県	中部	射水市	工学部	電気電子工学科	工学	4	45
富山県立大学	公立	富山県	中部	射水市	情報工学部	データサイエンス学科	情報	4	40
富山県立大学	公立	富山県	中部	射水市	情報工学部	情報システム工学科	情報	4	60
富山県立大学	公立	富山県	中部	射水市	情報工学部	知能ロボット工学科	情報	4	60
富山県立大学	公立	富山県	中部	富山市	看護学部	看護学科	看護・保健	4	120
下関市立大学	公立	山口県	中国	下関市	データサイエンス学部	データサイエンス学科	情報	4	80
下関市立大学	公立	山口県	中国	下関市	看護学部	看護学科	看護・保健	4	80
下関市立大学	公立	山口県	中国	下関市	経済学部	公共マネジメント学科	経済・経営	4	60
下関市立大学	公立	山口県	中国	下関市	経済学部	国際商学科	経済・経営	4	155
下関市立大学	公立	山口県	中国	下関市	経済学部	経済学科	経済・経営	4	155
周南公立大学	公立	山口県	中国	周南市	人間健康科学部	スポーツ健康科学科	体育	4	80
周南公立大学	公立	山口県	中国	周南市	人間健康科学部	看護学科	看護・保健	4	80
周南公立大学	公立	山口県	中国	周南市	人間健康科学部	福祉学科	体育	4	60
周南公立大学	公立	山口県	中国	周南市	情報科学部	情報科学科	情報	4	100
周南公立大学	公立	山口県	中国	周南市	経済経営学部	経済経営学科	経済・経営	4	160
山口県立大学	公立	山口県	中国	山口市	国際文化学部	国際文化学科	理学	4	50
山口県立大学	公立	山口県	中国	山口市	国際文化学部	情報社会学科	情報	4	40
山口県立大学	公立	山口県	中国	山口市	国際文化学部	文化創造学科	理学	4	45
山口県立大学	公立	山口県	中国	山口市	看護栄養学部	栄養学科	看護・保健	4	42
山口県立大学	公立	山口県	中国	山口市	看護栄養学部	看護学科	看護・保健	4	55
山口県立大学	公立	山口県	中国	山口市	社会福祉学部	社会福祉学科	社会・国際	4	87
山陽小野田市立山口東京理科大学	公立	山口県	中国	山陽小野田市	工学部	医薬工学科	薬学	4	60
山陽小野田市立山口東京理科大学	公立	山口県	中国	山陽小野田市	工学部	応用化学科	工学	4	60
山陽小野田市立山口東京理科大学	公立	山口県	中国	山陽小野田市	工学部	数理情報科学科	情報	4	60
山陽小野田市立山口東京理科大学	公立	山口県	中国	山陽小野田市	工学部	機械工学科	工学	4	60
山陽小野田市立山口東京理科大学	公立	山口県	中国	山陽小野田市	工学部	電気工学科	工学	4	60
山陽小野田市立山口東京理科大学	公立	山口県	中国	山陽小野田市	薬学部	薬学科	薬学	6	120
山形県立保健医療大学	公立	山形県	東北	山形市	保健医療学部	作業療法学科	看護・保健	4	20
山形県立保健医療大学	公立	山形県	東北	山形市	保健医療学部	理学療法学科	看護・保健	4	20
山形県立保健医療大学	公立	山形県	東北	山形市	保健医療学部	看護学科	看護・保健	4	63
山形県立米沢栄養大学	公立	山形県	東北	米沢市	健康栄養学部	健康栄養学科	その他	4	42
東北農林専門職大学	公立	山形県	東北	新庄市	農林業経営学部	森林業経営学科	農・水産	4	8
東北農林専門職大学	公立	山形県	東北	新庄市	農林業経営学部	農業経営学科	農・水産	4	32
山梨県立大学	公立	山梨県	中部	甲府市	人間福祉学部	人間形成学科	社会・国際	4	30
山梨県立大学	公立	山梨県	中部	甲府市	人間福祉学部	福祉コミュニティ学科	社会・国際	4	50
山梨県立大学	公立	山梨県	中部	甲府市	国際政策学部	国際コミュニケーション学科	社会・国際	4	40
山梨県立大学	公立	山梨県	中部	甲府市	国際政策学部	総合政策学科	社会・国際	4	40
山梨県立大学	公立	山梨県	中部	甲府市	看護学部	看護学科	看護・保健	4	100
都留文科大学	公立	山梨県	中部	都留市	教養学部	国際教育学科	教育	4	40
都留文科大学	公立	山梨県	中部	都留市	教養学部	地域社会学科	社会・国際	4	150
都留文科大学	公立	山梨県	中部	都留市	教養学部	学校教育学科	教育	4	180
都留文科大学	公立	山梨県	中部	都留市	教養学部	比較文化学科	理学	4	120
都留文科大学	公立	山梨県	中部	都留市	文学部	国文学科	文・人文	4	120
都留文科大学	公立	山梨県	中部	都留市	文学部	英文学科	文・人文	4	120
岐阜県立看護大学	公立	岐阜県	中部	羽島市	看護学部	看護学科	看護・保健	4	80
岐阜薬科大学	公立	岐阜県	中部	岐阜市	薬学部	薬学科	薬学	6	120
岡山県立大学	公立	岡山県	中国	総社市	デザイン学部	ビジュアルデザイン学科	芸術	4	30
岡山県立大学	公立	岡山県	中国	総社市	デザイン学部	工芸工業デザイン学科	工学	4	30
岡山県立大学	公立	岡山県	中国	総社市	デザイン学部	建築学科	工学	4	30
岡山県立大学	公立	岡山県	中国	総社市	保健福祉学部	子ども学科	看護・保健	4	25
岡山県立大学	公立	岡山県	中国	総社市	保健福祉学部	栄養学科	看護・保健	4	40
岡山県立大学	公立	岡山県	中国	総社市	保健福祉学部	現代福祉学科	看護・保健	4	35
岡山県立大学	公立	岡山県	中国	総社市	保健福祉学部	看護学科	看護・保健	4	40
岡山県立大学	公立	岡山県	中国	総社市	情報工学部	人間情報工学科	情報	4	40
岡山県立大学	公立	岡山県	中国	総社市	情報工学部	情報システム工学科	情報	4	50
岡山県立大学	公立	岡山県	中国	総社市	情報工学部	情報通信工学科	情報	4	50
新見公立大学	公立	岡山県	中国	新見市	健康科学部	健康保育学科	体育	4	50
新見公立大学	公立	岡山県	中国	新見市	健康科学部	地域福祉学科	体育	4	50
新見公立大学	公立	岡山県	中国	新見市	健康科学部	看護学科	看護・保健	4	80
岩手県立大学	公立	岩手県	東北	滝沢市	ソフトウェア情報学部	ソフトウェア情報学科	情報	4	160
岩手県立大学	公立	岩手県	東北	滝沢市	看護学部	看護学科	看護・保健	4	90
岩手県立大学	公立	岩手県	東北	滝沢市	社会福祉学部	人間福祉学科	社会・国際	4	40
岩手県立大学	公立	岩手県	東北	滝沢市	社会福祉学部	社会福祉学科	社会・国際	4	50
岩手県立大学	公立	岩手県	東北	滝沢市	総合政策学部	総合政策学科	社会・国際	4	100
島根県立大学	公立	島根県	中国	松江市	人間文化学部	保育教育学科	理学	4	40
島根県立大学	公立	島根県	中国	松江市	人間文化学部	地域文化学科	理学	4	70
島根県立大学	公立	島根県	中国	浜田市	国際関係学部	国際関係学科	社会・国際	4	90
島根県立大学	公立	島根県	中国	浜田市	地域政策学部	地域政策学科	社会・国際	4	140
島根県立大学	公立	島根県	中国	出雲市	看護栄養学部	健康栄養学科	看護・保健	4	40
島根県立大学	公立	島根県	中国	出雲市	看護栄養学部	看護学科	看護・保健	4	80
叡啓大学	公立	広島県	中国	広島市	ソーシャルシステムデザイン学部	ソーシャルシステムデザイン学科	工学	4	100
尾道市立大学	公立	広島県	中国	尾道市	経済情報学部	経済情報学科	情報	4	200
尾道市立大学	公立	広島県	中国	尾道市	芸術文化学部	日本文学科	理学	4	50
尾道市立大学	公立	広島県	中国	尾道市	芸術文化学部	美術学科	理学	4	50
広島市立大学	公立	広島県	中国	広島市	国際学部	国際学科	社会・国際	4	100
広島市立大学	公立	広島県	中国	広島市	情報科学部	システム工学科	情報	4	60
広島市立大学	公立	広島県	中国	広島市	情報科学部	医用情報科学科	情報	4	30
広島市立大学	公立	広島県	中国	広島市	情報科学部	情報工学科	情報	4	60
広島市立大学	公立	広島県	中国	広島市	情報科学部	知能工学科	情報	4	60
広島市立大学	公立	広島県	中国	広島市	芸術学部	デザイン工芸学科	工学	4	40
広島市立大学	公立	広島県	中国	広島市	芸術学部	美術学科	芸術	4	40
県立広島大学	公立	広島県	中国	三原市	保健福祉学部	保健福祉学科	看護・保健	4	190
県立広島大学	公立	広島県	中国	広島市	地域創生学部	地域創生学科	社会・国際	4	200
県立広島大学	公立	広島県	中国	庄原市	生物資源科学部	地域資源開発学科	農・水産	4	40
県立広島大学	公立	広島県	中国	庄原市	生物資源科学部	生命環境学科	農・水産	4	100
福山市立大学	公立	広島県	中国	福山市	教育学部	児童教育学科	教育	4	100
福山市立大学	公立	広島県	中国	福山市	都市経営学部	都市経営学科	経済・経営	4	150
愛媛県立医療技術大学	公立	愛媛県	四国	砥部町	保健科学部	看護学科	看護・保健	4	75
愛媛県立医療技術大学	公立	愛媛県	四国	砥部町	保健科学部	臨床検査学科	看護・保健	4	25
名古屋市立大学	公立	愛知県	中部	名古屋市	データサイエンス学部	データサイエンス学科	情報	4	80
名古屋市立大学	公立	愛知県	中部	名古屋市	人文社会学部	国際文化学科	理学	4	71
名古屋市立大学	公立	愛知県	中部	名古屋市	人文社会学部	心理教育学科	教育	4	84
名古屋市立大学	公立	愛知県	中部	名古屋市	人文社会学部	現代社会学科	文・人文	4	70
名古屋市立大学	公立	愛知県	中部	名古屋市	医学部	保健医療学科	看護・保健	4	200
名古屋市立大学	公立	愛知県	中部	名古屋市	医学部	医学科	医学	6	97
名古屋市立大学	公立	愛知県	中部	名古屋市	経済学部	経済経営学科	経済・経営	4	265
名古屋市立大学	公立	愛知県	中部	名古屋市	総合生命理学部	総合生命理学科	理学	4	43
名古屋市立大学	公立	愛知県	中部	名古屋市	芸術工学部	建築都市デザイン学科	工学	4	41
名古屋市立大学	公立	愛知県	中部	名古屋市	芸術工学部	情報環境デザイン学科	情報	4	31
名古屋市立大学	公立	愛知県	中部	名古屋市	芸術工学部	産業イノベーションデザイン学科	工学	4	31
名古屋市立大学	公立	愛知県	中部	名古屋市	薬学部	生命薬科学科	薬学	4	50
名古屋市立大学	公立	愛知県	中部	名古屋市	薬学部	薬学科	薬学	6	65
愛知県立大学	公立	愛知県	中部	長久手市	外国語学部	ヨーロッパ学科	その他	4	145
愛知県立大学	公立	愛知県	中部	長久手市	外国語学部	中国学科	その他	4	50
愛知県立大学	公立	愛知県	中部	長久手市	外国語学部	国際関係学科	社会・国際	4	55
愛知県立大学	公立	愛知県	中部	長久手市	外国語学部	英米学科	その他	4	90
愛知県立大学	公立	愛知県	中部	長久手市	情報科学部	情報科学科	情報	4	90
愛知県立大学	公立	愛知県	中部	長久手市	教育福祉学部	教育発達学科	教育	4	40
愛知県立大学	公立	愛知県	中部	長久手市	教育福祉学部	社会福祉学科	教育	4	50
愛知県立大学	公立	愛知県	中部	長久手市	日本文化学部	国語国文学科	理学	4	50
愛知県立大学	公立	愛知県	中部	長久手市	日本文化学部	歴史文化学科	理学	4	50
愛知県立大学	公立	愛知県	中部	名古屋市	看護学部	看護学科	看護・保健	4	90
愛知県立芸術大学	公立	愛知県	中部	長久手市	美術学部	デザイン・工芸科	工学	4	45
愛知県立芸術大学	公立	愛知県	中部	長久手市	美術学部	美術科	芸術	4	50
愛知県立芸術大学	公立	愛知県	中部	長久手市	音楽学部	音楽科	芸術	4	100
三条市立大学	公立	新潟県	中部	三条市	工学部	技術・経営工学科	工学	4	80
新潟県立大学	公立	新潟県	中部	新潟市	人間生活学部	健康栄養学科	社会・国際	4	40
新潟県立大学	公立	新潟県	中部	新潟市	人間生活学部	子ども学科	社会・国際	4	50
新潟県立大学	公立	新潟県	中部	新潟市	国際地域学部	国際地域学科	社会・国際	4	180
新潟県立大学	公立	新潟県	中部	新潟市	国際経済学部	国際経済学科	経済・経営	4	100
新潟県立看護大学	公立	新潟県	中部	上越市	看護学部	看護学科	看護・保健	4	95
長岡造形大学	公立	新潟県	中部	長岡市	造形学部	デザイン学科	芸術	4	150
長岡造形大学	公立	新潟県	中部	長岡市	造形学部	建築・環境デザイン学科	工学	4	50
長岡造形大学	公立	新潟県	中部	長岡市	造形学部	美術・工芸学科	工学	4	30
東京都立大学	公立	東京都	関東	日野市	システムデザイン学部	インダストリアルアート学科	工学	4	50
東京都立大学	公立	東京都	関東	日野市	システムデザイン学部	情報科学科	情報	4	90
東京都立大学	公立	東京都	関東	日野市	システムデザイン学部	機械システム工学科	工学	4	90
東京都立大学	公立	東京都	関東	日野市	システムデザイン学部	航空宇宙システム工学科	工学	4	45
東京都立大学	公立	東京都	関東	日野市	システムデザイン学部	電気電子工学科	工学	4	45
東京都立大学	公立	東京都	関東	八王子市	人文社会学部	人文学科	文・人文	4	90
東京都立大学	公立	東京都	関東	八王子市	人文社会学部	人間社会学科	文・人文	4	110
東京都立大学	公立	東京都	関東	荒川区	健康福祉学部	作業療法学科	法学	4	40
東京都立大学	公立	東京都	関東	荒川区	健康福祉学部	放射線学科	看護・保健	4	40
東京都立大学	公立	東京都	関東	荒川区	健康福祉学部	理学療法学科	理学	4	35
東京都立大学	公立	東京都	関東	荒川区	健康福祉学部	看護学科	看護・保健	4	80
東京都立大学	公立	東京都	関東	八王子市	法学部	法学科	法学	4	200
東京都立大学	公立	東京都	関東	八王子市	理学部	化学科	理学	4	48
東京都立大学	公立	東京都	関東	八王子市	理学部	数理科学科	理学	4	45
東京都立大学	公立	東京都	関東	八王子市	理学部	物理学科	理学	4	47
東京都立大学	公立	東京都	関東	八王子市	理学部	生命科学科	理学	4	60
東京都立大学	公立	東京都	関東	八王子市	経済経営学部	経済経営学科	経済・経営	4	200
東京都立大学	公立	東京都	関東	八王子市	都市環境学部	地理環境学科	社会・国際	4	30
東京都立大学	公立	東京都	関東	八王子市	都市環境学部	建築学科	工学	4	50
東京都立大学	公立	東京都	関東	八王子市	都市環境学部	環境応用化学科	工学	4	60
東京都立大学	公立	東京都	関東	八王子市	都市環境学部	観光科学科	社会・国際	4	30
東京都立大学	公立	東京都	関東	八王子市	都市環境学部	都市基盤環境学科	社会・国際	4	50
東京都立大学	公立	東京都	関東	八王子市	都市環境学部	都市政策科学科	社会・国際	4	35
名桜大学	公立	沖縄県	九州沖縄	名護市	人間健康学部	スポーツ健康学科	体育	4	95
名桜大学	公立	沖縄県	九州沖縄	名護市	人間健康学部	健康情報学科	情報	4	80
名桜大学	公立	沖縄県	九州沖縄	名護市	人間健康学部	看護学科	看護・保健	4	80
名桜大学	公立	沖縄県	九州沖縄	名護市	国際学部	国際文化学科	理学	4	180
名桜大学	公立	沖縄県	九州沖縄	名護市	国際学部	国際観光産業学科	社会・国際	4	160
沖縄県立看護大学	公立	沖縄県	九州沖縄	那覇市	看護学部	看護学科	看護・保健	4	80
沖縄県立芸術大学	公立	沖縄県	九州沖縄	那覇市	美術工芸学部	デザイン工芸学科	工学	4	44
沖縄県立芸術大学	公立	沖縄県	九州沖縄	那覇市	美術工芸学部	美術学科	工学	4	21
沖縄県立芸術大学	公立	沖縄県	九州沖縄	那覇市	音楽学部		芸術	4	40
滋賀県立大学	公立	滋賀県	近畿	彦根市	人間文化学部	人間関係学科	理学	4	30
滋賀県立大学	公立	滋賀県	近畿	彦根市	人間文化学部	国際コミュニケーション学科	理学	4	50
滋賀県立大学	公立	滋賀県	近畿	彦根市	人間文化学部	地域文化学科	理学	4	60
滋賀県立大学	公立	滋賀県	近畿	彦根市	人間文化学部	生活デザイン学科	理学	4	30
滋賀県立大学	公立	滋賀県	近畿	彦根市	人間文化学部	生活栄養学科	理学	4	30
滋賀県立大学	公立	滋賀県	近畿	彦根市	人間看護学部	人間看護学科	看護・保健	4	70
滋賀県立大学	公立	滋賀県	近畿	彦根市	工学部	材料化学科	工学	4	50
滋賀県立大学	公立	滋賀県	近畿	彦根市	工学部	機械システム工学科	工学	4	50
滋賀県立大学	公立	滋賀県	近畿	彦根市	工学部	電子システム工学科	工学	4	50
滋賀県立大学	公立	滋賀県	近畿	彦根市	環境科学部	環境建築デザイン学科	工学	4	50
滋賀県立大学	公立	滋賀県	近畿	彦根市	環境科学部	環境政策・計画学科	社会・国際	4	40
滋賀県立大学	公立	滋賀県	近畿	彦根市	環境科学部	環境生態学科	社会・国際	4	30
滋賀県立大学	公立	滋賀県	近畿	彦根市	環境科学部	生物資源管理学科	農・水産	4	60
熊本県立大学	公立	熊本県	九州沖縄	熊本市	文学部	日本語日本文学科	文・人文	4	45
熊本県立大学	公立	熊本県	九州沖縄	熊本市	文学部	英語英米文学科	文・人文	4	45
熊本県立大学	公立	熊本県	九州沖縄	熊本市	環境共生学部	環境共生学科	社会・国際	4	110
熊本県立大学	公立	熊本県	九州沖縄	熊本市	総合管理学部	総合管理学科	理学	4	280
公立小松大学	公立	石川県	中部	小松市	保健医療学部	看護学科	看護・保健	4	50
公立小松大学	公立	石川県	中部	小松市	保健医療学部	臨床工学科	看護・保健	4	30
公立小松大学	公立	石川県	中部	小松市	国際文化交流学部	国際文化交流学科	文・人文	4	80
公立小松大学	公立	石川県	中部	小松市	生産システム科学部	生産システム科学科	その他	4	80
石川県立大学	公立	石川県	中部	野々市市	生物資源環境学部	環境科学科	農・水産	4	40
石川県立大学	公立	石川県	中部	野々市市	生物資源環境学部	生産科学科	農・水産	4	40
石川県立大学	公立	石川県	中部	野々市市	生物資源環境学部	食品科学科	農・水産	4	40
石川県立看護大学	公立	石川県	中部	かほく市	看護学部	看護学科	看護・保健	4	80
金沢美術工芸大学	公立	石川県	中部	金沢市	美術工芸学部	デザイン科	工学	4	60
金沢美術工芸大学	公立	石川県	中部	金沢市	美術工芸学部	工芸科	工学	4	30
金沢美術工芸大学	公立	石川県	中部	金沢市	美術工芸学部	美術科	工学	4	65
川崎市立看護大学	公立	神奈川県	関東	川崎市	看護学部	看護学科	看護・保健	4	100
横浜市立大学	公立	神奈川県	関東	横浜市	データサイエンス学部	データサイエンス学科	情報	4	60
横浜市立大学	公立	神奈川県	関東	横浜市	医学部	医学科	医学	6	93
横浜市立大学	公立	神奈川県	関東	横浜市	医学部	看護学科	看護・保健	4	100
横浜市立大学	公立	神奈川県	関東	横浜市	国際商学部	国際商学科	経済・経営	4	260
横浜市立大学	公立	神奈川県	関東	横浜市	国際教養学部	国際教養学科	社会・国際	4	270
横浜市立大学	公立	神奈川県	関東	横浜市	理学部	理学科	理学	4	120
神奈川県立保健福祉大学	公立	神奈川県	関東	横須賀市	保健福祉学部	リハビリテーション学科	看護・保健	4	40
神奈川県立保健福祉大学	公立	神奈川県	関東	横須賀市	保健福祉学部	栄養学科	看護・保健	4	40
神奈川県立保健福祉大学	公立	神奈川県	関東	横須賀市	保健福祉学部	看護学科	看護・保健	4	90
神奈川県立保健福祉大学	公立	神奈川県	関東	横須賀市	保健福祉学部	社会福祉学科	看護・保健	4	60
敦賀市立看護大学	公立	福井県	中部	敦賀市	看護学部	看護学科	看護・保健	4	50
福井県立大学	公立	福井県	中部	永平寺町	恐竜学部	恐竜・地質学科	その他	4	30
福井県立大学	公立	福井県	中部	小浜市	海洋生物資源学部	先端増養殖科学科	農・水産	4	30
福井県立大学	公立	福井県	中部	小浜市	海洋生物資源学部	海洋生物資源学科	農・水産	4	50
福井県立大学	公立	福井県	中部	あわら市	生物資源学部	創造農学科	農・水産	4	30
福井県立大学	公立	福井県	中部	永平寺町	生物資源学部	生物資源学科	農・水産	4	50
福井県立大学	公立	福井県	中部	永平寺町	看護福祉学部	看護学科	看護・保健	4	50
福井県立大学	公立	福井県	中部	永平寺町	看護福祉学部	社会福祉学科	看護・保健	4	30
福井県立大学	公立	福井県	中部	永平寺町	経済学部	経営学科	経済・経営	4	100
福井県立大学	公立	福井県	中部	永平寺町	経済学部	経済学科	経済・経営	4	100
九州歯科大学	公立	福岡県	九州沖縄	北九州市	歯学部	口腔保健学科	歯学	4	25
九州歯科大学	公立	福岡県	九州沖縄	北九州市	歯学部	歯学科	歯学	6	95
北九州市立大学	公立	福岡県	九州沖縄	北九州市	国際環境工学部	建築デザイン学科	工学	4	50
北九州市立大学	公立	福岡県	九州沖縄	北九州市	国際環境工学部	情報システム工学科	情報	4	70
北九州市立大学	公立	福岡県	九州沖縄	北九州市	国際環境工学部	機械システム工学科	工学	4	45
北九州市立大学	公立	福岡県	九州沖縄	北九州市	国際環境工学部	環境化学工学科	工学	4	45
北九州市立大学	公立	福岡県	九州沖縄	北九州市	国際環境工学部	生命工学科	工学	4	45
北九州市立大学	公立	福岡県	九州沖縄	北九州市	地域創生学群	地域創生学類	社会・国際	4	120
北九州市立大学	公立	福岡県	九州沖縄	北九州市	外国語学部	中国学科	その他	4	50
北九州市立大学	公立	福岡県	九州沖縄	北九州市	外国語学部	国際関係学科	社会・国際	4	80
北九州市立大学	公立	福岡県	九州沖縄	北九州市	外国語学部	英米学科	その他	4	135
北九州市立大学	公立	福岡県	九州沖縄	北九州市	文学部	人間関係学科	文・人文	4	80
北九州市立大学	公立	福岡県	九州沖縄	北九州市	文学部	比較文化学科	理学	4	142
北九州市立大学	公立	福岡県	九州沖縄	北九州市	法学部	政策科学科	法学	4	76
北九州市立大学	公立	福岡県	九州沖縄	北九州市	法学部	法律学科	法学	4	177
北九州市立大学	公立	福岡県	九州沖縄	北九州市	経済学部	経営情報学科	情報	4	142
北九州市立大学	公立	福岡県	九州沖縄	北九州市	経済学部	経済学科	経済・経営	4	142
福岡女子大学	公立	福岡県	九州沖縄	福岡市	国際文理学部	国際教養学科	理学	4	135
福岡女子大学	公立	福岡県	九州沖縄	福岡市	国際文理学部	環境科学科	理学	4	70
福岡女子大学	公立	福岡県	九州沖縄	福岡市	国際文理学部	食・健康学科	理学	4	35
福岡県立大学	公立	福岡県	九州沖縄	田川市	人間社会学部	人間形成学科	社会・国際	4	50
福岡県立大学	公立	福岡県	九州沖縄	田川市	人間社会学部	公共社会学科	社会・国際	4	50
福岡県立大学	公立	福岡県	九州沖縄	田川市	人間社会学部	社会福祉学科	社会・国際	4	50
福岡県立大学	公立	福岡県	九州沖縄	田川市	看護学部	看護学科	看護・保健	4	90
会津大学	公立	福島県	東北	会津若松市	コンピュータ理工学部	コンピュータ理工学科	情報	4	240
福島県立医科大学	公立	福島県	東北	福島市	保健科学部	作業療法学科	看護・保健	4	40
福島県立医科大学	公立	福島県	東北	福島市	保健科学部	理学療法学科	看護・保健	4	40
福島県立医科大学	公立	福島県	東北	福島市	保健科学部	臨床検査学科	看護・保健	4	40
福島県立医科大学	公立	福島県	東北	福島市	保健科学部	診療放射線科学科	看護・保健	4	25
福島県立医科大学	公立	福島県	東北	福島市	医学部	医学科	医学	6	130
福島県立医科大学	公立	福島県	東北	福島市	看護学部	看護学科	看護・保健	4	84
国際教養大学	公立	秋田県	東北	秋田市	国際教養学部	国際教養学科	社会・国際	4	175
秋田公立美術大学	公立	秋田県	東北	秋田市	美術学部	美術学科	芸術	4	100
秋田県立大学	公立	秋田県	東北	由利本荘市	システム科学技術学部	建築環境システム学科	工学	4	40
秋田県立大学	公立	秋田県	東北	由利本荘市	システム科学技術学部	情報工学科	情報	4	40
秋田県立大学	公立	秋田県	東北	由利本荘市	システム科学技術学部	機械工学科	工学	4	60
秋田県立大学	公立	秋田県	東北	由利本荘市	システム科学技術学部	知能メカトロニクス学科	情報	4	60
秋田県立大学	公立	秋田県	東北	由利本荘市	システム科学技術学部	経営システム工学科	工学	4	40
秋田県立大学	公立	秋田県	東北	秋田市	生物資源科学部	アグリビジネス学科	農・水産	4	40
秋田県立大学	公立	秋田県	東北	秋田市	生物資源科学部	応用生物科学科	農・水産	4	40
秋田県立大学	公立	秋田県	東北	秋田市	生物資源科学部	生物環境科学科	農・水産	4	30
秋田県立大学	公立	秋田県	東北	秋田市	生物資源科学部	生物生産科学科	農・水産	4	40
前橋工科大学	公立	群馬県	関東	前橋市	工学部	建築・都市・環境工学群	工学	4	132
前橋工科大学	公立	群馬県	関東	前橋市	工学部	情報・生命工学群	情報	4	132
群馬県立女子大学	公立	群馬県	関東	玉村町	国際コミュニケーション学部	グローバル・コミュニケーション課程	社会・国際	4	30
群馬県立女子大学	公立	群馬県	関東	玉村町	国際コミュニケーション学部	グローバル社会システム課程	社会・国際	4	30
群馬県立女子大学	公立	群馬県	関東	玉村町	文学部	国文学科	文・人文	4	50
群馬県立女子大学	公立	群馬県	関東	玉村町	文学部	文化情報学科	情報	4	30
群馬県立女子大学	公立	群馬県	関東	玉村町	文学部	美学美術史学科	芸術	4	30
群馬県立女子大学	公立	群馬県	関東	玉村町	文学部	英米文化学科	理学	4	40
群馬県立県民健康科学大学	公立	群馬県	関東	前橋市	看護学部	看護学科	看護・保健	4	80
群馬県立県民健康科学大学	公立	群馬県	関東	前橋市	診療放射線学部	診療放射線学科	看護・保健	4	35
高崎経済大学	公立	群馬県	関東	高崎市	地域政策学部	地域づくり学科	社会・国際	4	150
高崎経済大学	公立	群馬県	関東	高崎市	地域政策学部	地域政策学科	社会・国際	4	150
高崎経済大学	公立	群馬県	関東	高崎市	地域政策学部	観光政策学科	社会・国際	4	120
高崎経済大学	公立	群馬県	関東	高崎市	経済学部	国際学科	経済・経営	4	80
高崎経済大学	公立	群馬県	関東	高崎市	経済学部	経営学科	経済・経営	4	200
高崎経済大学	公立	群馬県	関東	高崎市	経済学部	経済学科	経済・経営	4	200
茨城県立医療大学	公立	茨城県	関東	阿見町	保健医療学部	作業療法学科	看護・保健	4	40
茨城県立医療大学	公立	茨城県	関東	阿見町	保健医療学部	放射線技術科学科	看護・保健	4	40
茨城県立医療大学	公立	茨城県	関東	阿見町	保健医療学部	理学療法学科	看護・保健	4	40
茨城県立医療大学	公立	茨城県	関東	阿見町	保健医療学部	看護学科	看護・保健	4	50
長崎県立大学	公立	長崎県	九州沖縄	長与町	国際社会学部	国際社会学科	社会・国際	4	60
長崎県立大学	公立	長崎県	九州沖縄	佐世保市	地域創造学部	公共政策学科	社会・国際	4	120
長崎県立大学	公立	長崎県	九州沖縄	佐世保市	地域創造学部	実践経済学科	経済・経営	4	130
長崎県立大学	公立	長崎県	九州沖縄	長与町	情報システム学部	情報システム学科	情報	4	40
長崎県立大学	公立	長崎県	九州沖縄	長与町	情報システム学部	情報セキュリティ学科	情報	4	80
長崎県立大学	公立	長崎県	九州沖縄	長与町	看護栄養学部	栄養健康学科	看護・保健	4	40
長崎県立大学	公立	長崎県	九州沖縄	長与町	看護栄養学部	看護学科	看護・保健	4	60
長崎県立大学	公立	長崎県	九州沖縄	佐世保市	経営学部	国際経営学科	経済・経営	4	60
長崎県立大学	公立	長崎県	九州沖縄	佐世保市	経営学部	経営学科	経済・経営	4	140
公立諏訪東京理科大学	公立	長野県	中部	茅野市	工学部	情報応用工学科	情報	4	150
公立諏訪東京理科大学	公立	長野県	中部	茅野市	工学部	機械電気工学科	工学	4	150
長野大学	公立	長野県	中部	上田市	企業情報学部	企業情報学科	情報	4	95
長野大学	公立	長野県	中部	上田市	環境ツーリズム学部	環境ツーリズム学科	社会・国際	4	95
長野大学	公立	長野県	中部	上田市	社会福祉学部	社会福祉学科	社会・国際	4	150
長野県看護大学	公立	長野県	中部	駒ヶ根市	看護学部	看護学科	看護・保健	4	80
長野県立大学	公立	長野県	中部	長野市	グローバルマネジメント学部	グローバルマネジメント学科	その他	4	170
長野県立大学	公立	長野県	中部	長野市	健康発達学部	こども学科	その他	4	40
長野県立大学	公立	長野県	中部	長野市	健康発達学部	食健康学科	その他	4	30
青森公立大学	公立	青森県	東北	青森市	経営経済学部	地域みらい学科	経済・経営	4	45
青森公立大学	公立	青森県	東北	青森市	経営経済学部	経営学科	経済・経営	4	125
青森公立大学	公立	青森県	東北	青森市	経営経済学部	経済学科	経済・経営	4	130
青森県立保健大学	公立	青森県	東北	青森市	健康科学部	栄養学科	体育	4	30
青森県立保健大学	公立	青森県	東北	青森市	健康科学部	理学療法学科	理学	4	31
青森県立保健大学	公立	青森県	東北	青森市	健康科学部	看護学科	看護・保健	4	105
青森県立保健大学	公立	青森県	東北	青森市	健康科学部	社会福祉学科	体育	4	50
静岡文化芸術大学	公立	静岡県	中部	浜松市	デザイン学部	デザイン学科	芸術	4	110
静岡文化芸術大学	公立	静岡県	中部	浜松市	文化政策学部	国際文化学科	理学	4	100
静岡文化芸術大学	公立	静岡県	中部	浜松市	文化政策学部	文化政策学科	文・人文	4	55
静岡文化芸術大学	公立	静岡県	中部	浜松市	文化政策学部	芸術文化学科	理学	4	55
静岡県立大学	公立	静岡県	中部	静岡市	国際関係学部	国際言語文化学科	理学	4	120
静岡県立大学	公立	静岡県	中部	静岡市	国際関係学部	国際関係学科	社会・国際	4	60
静岡県立大学	公立	静岡県	中部	静岡市	看護学部	看護学科	看護・保健	4	120
静岡県立大学	公立	静岡県	中部	静岡市	経営情報学部	経営情報学科	情報	4	125
静岡県立大学	公立	静岡県	中部	静岡市	薬学部	薬学科	薬学	6	80
静岡県立大学	公立	静岡県	中部	静岡市	薬学部	薬科学科	薬学	4	40
静岡県立大学	公立	静岡県	中部	静岡市	食品栄養科学部	栄養生命科学科	総合・学際	4	25
静岡県立大学	公立	静岡県	中部	静岡市	食品栄養科学部	環境生命科学科	社会・国際	4	20
静岡県立大学	公立	静岡県	中部	静岡市	食品栄養科学部	食品生命科学科	総合・学際	4	25
静岡県立農林環境専門職大学	公立	静岡県	中部	磐田市	生産環境経営学部	生産環境経営学科	経済・経営	4	24
香川県立保健医療大学	公立	香川県	四国	高松市	保健医療学部	看護学科	看護・保健	4	70
香川県立保健医療大学	公立	香川県	四国	高松市	保健医療学部	臨床検査学科	看護・保健	4	20
高知工科大学	公立	高知県	四国	香美市	システム工学群	システム工学群	工学	4	170
高知工科大学	公立	高知県	四国	高知市	データ＆イノベーション学群	データ＆イノベーション学群	その他	4	60
高知工科大学	公立	高知県	四国	香美市	情報学群	情報学群	情報	4	100
高知工科大学	公立	高知県	四国	香美市	理工学群	理工学群	工学	4	100
高知工科大学	公立	高知県	四国	高知市	経済・マネジメント学群	経済・マネジメント学群	経済・経営	4	160
高知県立大学	公立	高知県	四国	高知市	健康栄養学部	健康栄養学科	その他	4	40
高知県立大学	公立	高知県	四国	高知市	文化学部	文化学科	理学	4	150
高知県立大学	公立	高知県	四国	高知市	看護学部	看護学科	看護・保健	4	80
高知県立大学	公立	高知県	四国	高知市	社会福祉学部	社会福祉学科	社会・国際	4	70
公立鳥取環境大学	公立	鳥取県	中国	鳥取市	環境学部	環境学科	社会・国際	4	150
公立鳥取環境大学	公立	鳥取県	中国	鳥取市	経営学部	経営学科	経済・経営	4	150
三重大学	国立	三重県	近畿	津市	人文学部	文化学科	理学	4	92
三重大学	国立	三重県	近畿	津市	人文学部	法律経済学科	法学	4	153
三重大学	国立	三重県	近畿	津市	医学部	医学科	医学	6	125
三重大学	国立	三重県	近畿	津市	医学部	看護学科	看護・保健	4	80
三重大学	国立	三重県	近畿	津市	工学部	総合工学科	工学	4	430
三重大学	国立	三重県	近畿	津市	教育学部	学校教育教員養成課程	教育	4	200
三重大学	国立	三重県	近畿	津市	生物資源学部	生物資源学科	農・水産	4	260
京都大学	国立	京都府	近畿	京都市	医学部	人間健康科学科	体育	4	100
京都大学	国立	京都府	近畿	京都市	医学部	医学科	医学	6	108
京都大学	国立	京都府	近畿	京都市	工学部	地球工学科	工学	4	185
京都大学	国立	京都府	近畿	京都市	工学部	建築学科	工学	4	80
京都大学	国立	京都府	近畿	京都市	工学部	情報学科	情報	4	90
京都大学	国立	京都府	近畿	京都市	工学部	物理工学科	工学	4	235
京都大学	国立	京都府	近畿	京都市	工学部	理工化学科	工学	4	235
京都大学	国立	京都府	近畿	京都市	工学部	電気電子工学科	工学	4	130
京都大学	国立	京都府	近畿	京都市	教育学部	教育科学科	教育	4	60
京都大学	国立	京都府	近畿	京都市	文学部	人文学科	文・人文	4	220
京都大学	国立	京都府	近畿	京都市	法学部	（法学）	法学	4	330
京都大学	国立	京都府	近畿	京都市	理学部	理学科	理学	4	311
京都大学	国立	京都府	近畿	京都市	経済学部	経済経営学科	経済・経営	4	240
京都大学	国立	京都府	近畿	京都市	総合人間学部	総合人間学科	社会・国際	4	120
京都大学	国立	京都府	近畿	京都市	薬学部	薬学科	薬学	6	15
京都大学	国立	京都府	近畿	京都市	薬学部	薬科学科	薬学	4	65
京都大学	国立	京都府	近畿	京都市	農学部	地域環境工学科	農・水産	4	37
京都大学	国立	京都府	近畿	京都市	農学部	応用生命科学科	農・水産	4	47
京都大学	国立	京都府	近畿	京都市	農学部	森林科学科	農・水産	4	57
京都大学	国立	京都府	近畿	京都市	農学部	資源生物科学科	農・水産	4	94
京都大学	国立	京都府	近畿	京都市	農学部	食品生物科学科	農・水産	4	33
京都大学	国立	京都府	近畿	京都市	農学部	食料・環境経済学科	農・水産	4	32
京都工芸繊維大学	国立	京都府	近畿	京都市	工芸科学部	デザイン・建築学課程	工学	4	156
京都工芸繊維大学	国立	京都府	近畿	京都市	工芸科学部	応用化学課程	工学	4	169
京都工芸繊維大学	国立	京都府	近畿	京都市	工芸科学部	応用生物学課程	工学	4	50
京都工芸繊維大学	国立	京都府	近畿	京都市	工芸科学部	情報工学課程	情報	4	61
京都工芸繊維大学	国立	京都府	近畿	京都市	工芸科学部	機械工学課程	工学	4	86
京都工芸繊維大学	国立	京都府	近畿	京都市	工芸科学部	電子システム工学課程	工学	4	61
京都教育大学	国立	京都府	近畿	京都市	教育学部	学校教育教員養成課程	教育	4	300
佐賀大学	国立	佐賀県	九州沖縄	佐賀市	医学部	医学科	医学	6	101
佐賀大学	国立	佐賀県	九州沖縄	佐賀市	医学部	看護学科	看護・保健	4	60
佐賀大学	国立	佐賀県	九州沖縄	佐賀市	教育学部	学校教育課程	教育	4	120
佐賀大学	国立	佐賀県	九州沖縄	佐賀市	理工学部	理工学科	工学	4	510
佐賀大学	国立	佐賀県	九州沖縄	佐賀市	経済学部	経営学科	経済・経営	4	80
佐賀大学	国立	佐賀県	九州沖縄	佐賀市	経済学部	経済学科	経済・経営	4	110
佐賀大学	国立	佐賀県	九州沖縄	佐賀市	経済学部	経済法学科	法学	4	70
佐賀大学	国立	佐賀県	九州沖縄	佐賀市	芸術地域デザイン学部	芸術地域デザイン学科	芸術	4	110
佐賀大学	国立	佐賀県	九州沖縄	佐賀市	農学部	生物資源科学科	農・水産	4	145
兵庫教育大学	国立	兵庫県	近畿	加東市	学校教育学部	学校教育教員養成課程	教育	4	160
神戸大学	国立	兵庫県	近畿	神戸市	システム情報学部	システム情報学科	情報	4	150
神戸大学	国立	兵庫県	近畿	神戸市	医学部	保健学科	看護・保健	4	150
神戸大学	国立	兵庫県	近畿	神戸市	医学部	医学科	医学	6	113
神戸大学	国立	兵庫県	近畿	神戸市	医学部	医療創成工学科	看護・保健	4	25
神戸大学	国立	兵庫県	近畿	神戸市	国際人間科学部	グローバル文化学科	理学	4	140
神戸大学	国立	兵庫県	近畿	神戸市	国際人間科学部	子ども教育学科	教育	4	50
神戸大学	国立	兵庫県	近畿	神戸市	国際人間科学部	環境共生学科	社会・国際	4	80
神戸大学	国立	兵庫県	近畿	神戸市	国際人間科学部	発達コミュニティ学科	社会・国際	4	100
神戸大学	国立	兵庫県	近畿	神戸市	工学部	市民工学科	工学	4	60
神戸大学	国立	兵庫県	近畿	神戸市	工学部	建築学科	工学	4	90
神戸大学	国立	兵庫県	近畿	神戸市	工学部	応用化学科	工学	4	103
神戸大学	国立	兵庫県	近畿	神戸市	工学部	機械工学科	工学	4	100
神戸大学	国立	兵庫県	近畿	神戸市	工学部	電気電子工学科	工学	4	90
神戸大学	国立	兵庫県	近畿	神戸市	文学部	人文学科	文・人文	4	100
神戸大学	国立	兵庫県	近畿	神戸市	法学部	法律学科	法学	4	180
神戸大学	国立	兵庫県	近畿	神戸市	海洋政策科学部	海洋政策科学科	社会・国際	4	200
神戸大学	国立	兵庫県	近畿	神戸市	理学部	化学科	理学	4	30
神戸大学	国立	兵庫県	近畿	神戸市	理学部	惑星学科	理学	4	35
神戸大学	国立	兵庫県	近畿	神戸市	理学部	数学科	理学	4	28
神戸大学	国立	兵庫県	近畿	神戸市	理学部	物理学科	理学	4	35
神戸大学	国立	兵庫県	近畿	神戸市	理学部	生物学科	理学	4	25
神戸大学	国立	兵庫県	近畿	神戸市	経営学部	経営学科	経済・経営	4	260
神戸大学	国立	兵庫県	近畿	神戸市	経済学部	経済学科	経済・経営	4	270
神戸大学	国立	兵庫県	近畿	神戸市	農学部	生命機能科学科	農・水産	4	69
神戸大学	国立	兵庫県	近畿	神戸市	農学部	資源生命科学科	農・水産	4	55
神戸大学	国立	兵庫県	近畿	神戸市	農学部	食料環境システム学科	農・水産	4	36
北海道大学	国立	北海道	北海道	札幌市	医学部	保健学科	看護・保健	4	180
北海道大学	国立	北海道	北海道	札幌市	医学部	医学科	医学	6	100
北海道大学	国立	北海道	北海道	札幌市	工学部	応用理工系学科	工学	4	160
北海道大学	国立	北海道	北海道	札幌市	工学部	情報エレクトロニクス学科	情報	4	230
北海道大学	国立	北海道	北海道	札幌市	工学部	機械知能工学科	情報	4	120
北海道大学	国立	北海道	北海道	札幌市	工学部	環境社会工学科	工学	4	210
北海道大学	国立	北海道	北海道	札幌市	教育学部	教育学科	教育	4	50
北海道大学	国立	北海道	北海道	札幌市	文学部	人文科学科	文・人文	4	185
北海道大学	国立	北海道	北海道	札幌市	歯学部	歯学科	歯学	6	53
北海道大学	国立	北海道	北海道	函館市	水産学部	増殖生命科学科	農・水産	4	54
北海道大学	国立	北海道	北海道	函館市	水産学部	海洋生物科学科	農・水産	4	54
北海道大学	国立	北海道	北海道	函館市	水産学部	海洋資源科学科	農・水産	4	53
北海道大学	国立	北海道	北海道	函館市	水産学部	資源機能化学科	農・水産	4	54
北海道大学	国立	北海道	北海道	札幌市	法学部	法学課程	法学	4	200
北海道大学	国立	北海道	北海道	札幌市	獣医学部	共同獣医学課程	獣医	6	40
北海道大学	国立	北海道	北海道	札幌市	理学部	化学科	理学	4	75
北海道大学	国立	北海道	北海道	札幌市	理学部	地球惑星科学科	理学	4	60
北海道大学	国立	北海道	北海道	札幌市	理学部	数学科	理学	4	50
北海道大学	国立	北海道	北海道	札幌市	理学部	物理学科	理学	4	35
北海道大学	国立	北海道	北海道	札幌市	理学部	生物科学科	理学	4	80
北海道大学	国立	北海道	北海道	札幌市	経済学部	経営学科	経済・経営	4	90
北海道大学	国立	北海道	北海道	札幌市	経済学部	経済学科	経済・経営	4	100
北海道大学	国立	北海道	北海道	札幌市	薬学部	薬学科	薬学	6	30
北海道大学	国立	北海道	北海道	札幌市	薬学部	薬科学科	薬学	4	50
北海道大学	国立	北海道	北海道	札幌市	農学部	応用生命科学科	農・水産	4	30
北海道大学	国立	北海道	北海道	札幌市	農学部	森林科学科	農・水産	4	36
北海道大学	国立	北海道	北海道	札幌市	農学部	生物機能化学科	農・水産	4	35
北海道大学	国立	北海道	北海道	札幌市	農学部	生物環境工学科	農・水産	4	30
北海道大学	国立	北海道	北海道	札幌市	農学部	生物資源科学科	農・水産	4	36
北海道大学	国立	北海道	北海道	札幌市	農学部	畜産科学科	農・水産	4	23
北海道大学	国立	北海道	北海道	札幌市	農学部	農業経済学科	農・水産	4	25
北海道教育大学	国立	北海道	北海道	函館市	教育学部	国際地域学科	教育	4	285
北海道教育大学	国立	北海道	北海道	札幌市	教育学部	教員養成課程	教育	4	270
北海道教育大学	国立	北海道	北海道	旭川市	教育学部	教員養成課程	教育	4	270
北海道教育大学	国立	北海道	北海道	釧路市	教育学部	教員養成課程	教育	4	180
北海道教育大学	国立	北海道	北海道	岩見沢市	教育学部	芸術・スポーツ文化学科	理学	4	180
北見工業大学	国立	北海道	北海道	北見市	工学部	地域未来デザイン工学科	工学	4	220
北見工業大学	国立	北海道	北海道	北見市	工学部	地球環境工学科	工学	4	190
室蘭工業大学	国立	北海道	北海道	室蘭市	理工学部	システム理化学科	工学	4	235
室蘭工業大学	国立	北海道	北海道	室蘭市	理工学部	創造工学科	工学	4	365
小樽商科大学	国立	北海道	北海道	小樽市	商学部	企業法学科	法学	4	118
小樽商科大学	国立	北海道	北海道	小樽市	商学部	商学科	経済・経営	4	158
小樽商科大学	国立	北海道	北海道	小樽市	商学部	社会情報学科	情報	4	90
小樽商科大学	国立	北海道	北海道	小樽市	商学部	経済学科	経済・経営	4	149
帯広畜産大学	国立	北海道	北海道	帯広市	畜産学部	共同獣医学課程	獣医	6	40
帯広畜産大学	国立	北海道	北海道	帯広市	畜産学部	畜産科学課程	農・水産	4	210
旭川医科大学	国立	北海道	北海道	旭川市	医学部	医学科	医学	6	95
旭川医科大学	国立	北海道	北海道	旭川市	医学部	看護学科	看護・保健	4	60
千葉大学	国立	千葉県	関東	千葉市	医学部	医学科	医学	6	117
千葉大学	国立	千葉県	関東	千葉市	国際教養学部	国際教養学科	社会・国際	4	90
千葉大学	国立	千葉県	関東	松戸市	園芸学部	園芸学科	農・水産	4	64
千葉大学	国立	千葉県	関東	松戸市	園芸学部	応用生命化学科	農・水産	4	31
千葉大学	国立	千葉県	関東	松戸市	園芸学部	緑地環境学科	農・水産	4	66
千葉大学	国立	千葉県	関東	松戸市	園芸学部	食料資源経済学科	農・水産	4	29
千葉大学	国立	千葉県	関東	千葉市	工学部	総合工学科	工学	4	540
千葉大学	国立	千葉県	関東	千葉市	情報・データサイエンス学部	情報・データサイエンス学科	情報	4	100
千葉大学	国立	千葉県	関東	千葉市	教育学部	学校教員養成課程	教育	4	380
千葉大学	国立	千葉県	関東	千葉市	文学部	人文学科	文・人文	4	170
千葉大学	国立	千葉県	関東	千葉市	法政経学部	法政経学科	法学	4	360
千葉大学	国立	千葉県	関東	千葉市	理学部	化学科	理学	4	39
千葉大学	国立	千葉県	関東	千葉市	理学部	地球科学科	理学	4	39
千葉大学	国立	千葉県	関東	千葉市	理学部	数学・情報数理学科	情報	4	44
千葉大学	国立	千葉県	関東	千葉市	理学部	物理学科	理学	4	39
千葉大学	国立	千葉県	関東	千葉市	理学部	生物学科	理学	4	39
千葉大学	国立	千葉県	関東	千葉市	看護学部	看護学科	看護・保健	4	80
千葉大学	国立	千葉県	関東	千葉市	薬学部	薬学科	薬学	6	50
千葉大学	国立	千葉県	関東	千葉市	薬学部	薬科学科	薬学	4	40
和歌山大学	国立	和歌山県	近畿	和歌山市	システム工学部	システム工学科	工学	4	335
和歌山大学	国立	和歌山県	近畿	和歌山市	教育学部	学校教育教員養成課程	教育	4	135
和歌山大学	国立	和歌山県	近畿	和歌山市	経済学部	経済学科	経済・経営	4	300
和歌山大学	国立	和歌山県	近畿	和歌山市	観光学部	観光学科	社会・国際	4	120
埼玉大学	国立	埼玉県	関東	さいたま市	工学部	応用化学科	工学	4	90
埼玉大学	国立	埼玉県	関東	さいたま市	工学部	情報工学科	情報	4	80
埼玉大学	国立	埼玉県	関東	さいたま市	工学部	機械工学・システムデザイン学科	工学	4	110
埼玉大学	国立	埼玉県	関東	さいたま市	工学部	環境社会デザイン学科	工学	4	100
埼玉大学	国立	埼玉県	関東	さいたま市	工学部	電気電子物理工学科	工学	4	110
埼玉大学	国立	埼玉県	関東	さいたま市	教育学部	学校教育教員養成課程	教育	4	360
埼玉大学	国立	埼玉県	関東	さいたま市	教育学部	養護教諭養成課程	教育	4	20
埼玉大学	国立	埼玉県	関東	さいたま市	教養学部	教養学科	その他	4	160
埼玉大学	国立	埼玉県	関東	さいたま市	理学部	分子生物学科	理学	4	40
埼玉大学	国立	埼玉県	関東	さいたま市	理学部	基礎化学科	理学	4	50
埼玉大学	国立	埼玉県	関東	さいたま市	理学部	数学科	理学	4	40
埼玉大学	国立	埼玉県	関東	さいたま市	理学部	物理学科	理学	4	40
埼玉大学	国立	埼玉県	関東	さいたま市	理学部	生体制御学科	理学	4	40
埼玉大学	国立	埼玉県	関東	さいたま市	経済学部	経済学科	経済・経営	4	295
大分大学	国立	大分県	九州沖縄	由布市	医学部	先進医療科学科	看護・保健	4	35
大分大学	国立	大分県	九州沖縄	由布市	医学部	医学科	医学	6	100
大分大学	国立	大分県	九州沖縄	由布市	医学部	看護学科	看護・保健	4	60
大分大学	国立	大分県	九州沖縄	大分市	教育学部	学校教育教員養成課程	教育	4	150
大分大学	国立	大分県	九州沖縄	大分市	理工学部	理工学科	工学	4	395
大分大学	国立	大分県	九州沖縄	大分市	福祉健康科学部	福祉健康科学科	体育	4	100
大分大学	国立	大分県	九州沖縄	大分市	経済学部	総合経済学科	経済・経営	4	270
大阪大学	国立	大阪府	近畿	吹田市	人間科学部	人間科学科	社会・国際	4	137
大阪大学	国立	大阪府	近畿	吹田市	医学部	保健学科	看護・保健	4	160
大阪大学	国立	大阪府	近畿	吹田市	医学部	医学科	医学	6	98
大阪大学	国立	大阪府	近畿	豊中市	基礎工学部	システム科学科	工学	4	174
大阪大学	国立	大阪府	近畿	豊中市	基礎工学部	化学応用科学科	工学	4	84
大阪大学	国立	大阪府	近畿	豊中市	基礎工学部	情報科学科	情報	4	101
大阪大学	国立	大阪府	近畿	豊中市	基礎工学部	電子物理科学科	工学	4	103
大阪大学	国立	大阪府	近畿	箕面市	外国語学部	外国語学科	その他	4	580
大阪大学	国立	大阪府	近畿	吹田市	工学部	地球総合工学科	工学	4	118
大阪大学	国立	大阪府	近畿	吹田市	工学部	応用理工学科	工学	4	248
大阪大学	国立	大阪府	近畿	吹田市	工学部	応用自然科学科	工学	4	222
大阪大学	国立	大阪府	近畿	吹田市	工学部	環境・エネルギー工学科	工学	4	75
大阪大学	国立	大阪府	近畿	吹田市	工学部	電子情報工学科	情報	4	190
大阪大学	国立	大阪府	近畿	豊中市	文学部	人文学科	文・人文	4	165
大阪大学	国立	大阪府	近畿	吹田市	歯学部	歯学科	歯学	6	53
大阪大学	国立	大阪府	近畿	豊中市	法学部	国際公共政策学科	法学	4	80
大阪大学	国立	大阪府	近畿	豊中市	法学部	法学科	法学	4	170
大阪大学	国立	大阪府	近畿	豊中市	理学部	化学科	理学	4	77
大阪大学	国立	大阪府	近畿	豊中市	理学部	数学科	理学	4	47
大阪大学	国立	大阪府	近畿	豊中市	理学部	物理学科	理学	4	76
大阪大学	国立	大阪府	近畿	豊中市	理学部	生物科学科	理学	4	55
大阪大学	国立	大阪府	近畿	豊中市	経済学部	経済・経営学科	経済・経営	4	220
大阪大学	国立	大阪府	近畿	吹田市	薬学部	薬学科	薬学	6	80
大阪教育大学	国立	大阪府	近畿	柏原市	教育学部	学校教育教員養成課程	教育	4	480
大阪教育大学	国立	大阪府	近畿	大阪市	教育学部	学校教育教員養成課程	教育	5	40
大阪教育大学	国立	大阪府	近畿	柏原市	教育学部	教育協働学科	教育	4	350
大阪教育大学	国立	大阪府	近畿	柏原市	教育学部	養護教諭養成課程	教育	4	30
奈良女子大学	国立	奈良県	近畿	奈良市	工学部	工学科	工学	4	45
奈良女子大学	国立	奈良県	近畿	奈良市	文学部	人文社会学科	文・人文	4	60
奈良女子大学	国立	奈良県	近畿	奈良市	文学部	人間科学科	文・人文	4	40
奈良女子大学	国立	奈良県	近畿	奈良市	文学部	言語文化学科	理学	4	50
奈良女子大学	国立	奈良県	近畿	奈良市	理学部	化学生物環境学科	理学	4	78
奈良女子大学	国立	奈良県	近畿	奈良市	理学部	数物科学科	理学	4	57
奈良女子大学	国立	奈良県	近畿	奈良市	生活環境学部	住環境学科	社会・国際	4	30
奈良女子大学	国立	奈良県	近畿	奈良市	生活環境学部	心身健康学科	社会・国際	4	35
奈良女子大学	国立	奈良県	近畿	奈良市	生活環境学部	文化情報学科	情報	4	57
奈良女子大学	国立	奈良県	近畿	奈良市	生活環境学部	食物栄養学科	社会・国際	4	35
奈良教育大学	国立	奈良県	近畿	奈良市	教育学部	学校教育教員養成課程	教育	4	255
宮城教育大学	国立	宮城県	東北	仙台市	教育学部	学校教育教員養成課程	教育	4	345
東北大学	国立	宮城県	東北	仙台市	医学部	保健学科	看護・保健	4	144
東北大学	国立	宮城県	東北	仙台市	医学部	医学科	医学	6	117
東北大学	国立	宮城県	東北	仙台市	工学部	化学・バイオ工学科	工学	4	113
東北大学	国立	宮城県	東北	仙台市	工学部	建築・社会環境工学科	工学	4	114
東北大学	国立	宮城県	東北	仙台市	工学部	材料科学総合学科	工学	4	113
東北大学	国立	宮城県	東北	仙台市	工学部	機械知能・航空工学科	情報	4	247
東北大学	国立	宮城県	東北	仙台市	工学部	電気情報物理工学科	情報	4	263
東北大学	国立	宮城県	東北	仙台市	教育学部	教育科学科	教育	4	70
東北大学	国立	宮城県	東北	仙台市	文学部	人文社会学科	文・人文	4	210
東北大学	国立	宮城県	東北	仙台市	歯学部	歯学科	歯学	6	53
東北大学	国立	宮城県	東北	仙台市	法学部	法学科	法学	4	160
東北大学	国立	宮城県	東北	仙台市	理学部	化学科	理学	4	70
東北大学	国立	宮城県	東北	仙台市	理学部	地圏環境科学科	理学	4	30
東北大学	国立	宮城県	東北	仙台市	理学部	地球惑星物質科学科	理学	4	20
東北大学	国立	宮城県	東北	仙台市	理学部	宇宙地球物理学科	理学	4	41
東北大学	国立	宮城県	東北	仙台市	理学部	数学科	理学	4	45
東北大学	国立	宮城県	東北	仙台市	理学部	物理学科	理学	4	78
東北大学	国立	宮城県	東北	仙台市	理学部	生物学科	理学	4	40
東北大学	国立	宮城県	東北	仙台市	経済学部	経営学科	経済・経営	4	130
東北大学	国立	宮城県	東北	仙台市	経済学部	経済学科	経済・経営	4	130
東北大学	国立	宮城県	東北	仙台市	薬学部	創薬科学科	薬学	4	60
東北大学	国立	宮城県	東北	仙台市	薬学部	薬学科	薬学	6	20
東北大学	国立	宮城県	東北	仙台市	農学部	応用生物化学科	農・水産	4	60
東北大学	国立	宮城県	東北	仙台市	農学部	生物生産科学科	農・水産	4	90
宮崎大学	国立	宮崎県	九州沖縄	宮崎市	医学部	医学科	医学	6	100
宮崎大学	国立	宮崎県	九州沖縄	宮崎市	医学部	看護学科	看護・保健	4	60
宮崎大学	国立	宮崎県	九州沖縄	宮崎市	地域資源創成学部	地域資源創成学科	社会・国際	4	90
宮崎大学	国立	宮崎県	九州沖縄	宮崎市	工学部	工学科	工学	4	370
宮崎大学	国立	宮崎県	九州沖縄	宮崎市	教育学部	学校教育課程	教育	4	140
宮崎大学	国立	宮崎県	九州沖縄	宮崎市	農学部	獣医学科	医学	6	30
宮崎大学	国立	宮崎県	九州沖縄	宮崎市	農学部	農学科	農・水産	4	235
富山大学	国立	富山県	中部	富山市	人文学部	人文学科	文・人文	4	188
富山大学	国立	富山県	中部	富山市	医学部	医学科	医学	6	105
富山大学	国立	富山県	中部	富山市	医学部	看護学科	看護・保健	4	80
富山大学	国立	富山県	中部	富山市	工学部	工学科	工学	4	395
富山大学	国立	富山県	中部	富山市	教育学部	共同教員養成課程	教育	4	85
富山大学	国立	富山県	中部	富山市	理学部	理学科	理学	4	208
富山大学	国立	富山県	中部	富山市	経済学部	経済経営学科	経済・経営	4	335
富山大学	国立	富山県	中部	高岡市	芸術文化学部	芸術文化学科	理学	4	110
富山大学	国立	富山県	中部	富山市	薬学部	創薬科学科	薬学	4	35
富山大学	国立	富山県	中部	富山市	薬学部	薬学科	薬学	6	70
富山大学	国立	富山県	中部	富山市	都市デザイン学部	地球システム科学科	理学	4	40
富山大学	国立	富山県	中部	富山市	都市デザイン学部	材料デザイン工学科	工学	4	65
富山大学	国立	富山県	中部	富山市	都市デザイン学部	都市・交通デザイン学科	芸術	4	54
山口大学	国立	山口県	中国	山口市	人文学部	人文学科	文・人文	4	185
山口大学	国立	山口県	中国	山口市	共同獣医学部	共同獣医学科	医学	6	30
山口大学	国立	山口県	中国	宇部市	医学部	保健学科	看護・保健	4	120
山口大学	国立	山口県	中国	宇部市	医学部	医学科	医学	6	109
山口大学	国立	山口県	中国	山口市	国際総合科学部	国際総合科学科	社会・国際	4	125
山口大学	国立	山口県	中国	宇部市	工学部	循環環境工学科	工学	4	55
山口大学	国立	山口県	中国	宇部市	工学部	応用化学科	工学	4	90
山口大学	国立	山口県	中国	宇部市	工学部	感性デザイン工学科	工学	4	55
山口大学	国立	山口県	中国	宇部市	工学部	機械工学科	工学	4	90
山口大学	国立	山口県	中国	宇部市	工学部	知能情報工学科	情報	4	80
山口大学	国立	山口県	中国	宇部市	工学部	社会建設工学科	工学	4	80
山口大学	国立	山口県	中国	宇部市	工学部	電気電子工学科	工学	4	80
山口大学	国立	山口県	中国	山口市	教育学部	学校教育教員養成課程	教育	4	155
山口大学	国立	山口県	中国	山口市	理学部	化学科	理学	4	40
山口大学	国立	山口県	中国	山口市	理学部	地球圏システム科学科	理学	4	30
山口大学	国立	山口県	中国	山口市	理学部	数理科学科	理学	4	50
山口大学	国立	山口県	中国	山口市	理学部	物理・情報科学科	情報	4	60
山口大学	国立	山口県	中国	山口市	理学部	生物学科	理学	4	40
山口大学	国立	山口県	中国	山口市	経済学部	経営学科	経済・経営	4	165
山口大学	国立	山口県	中国	山口市	経済学部	経済学科	経済・経営	4	130
山口大学	国立	山口県	中国	山口市	経済学部	観光政策学科	経済・経営	4	50
山口大学	国立	山口県	中国	山口市	農学部	生物機能科学科	農・水産	4	50
山口大学	国立	山口県	中国	山口市	農学部	生物資源環境科学科	農・水産	4	50
山形大学	国立	山形県	東北	山形市	人文社会科学部	人文社会科学科	文・人文	4	290
山形大学	国立	山形県	東北	山形市	医学部	医学科	医学	6	113
山形大学	国立	山形県	東北	山形市	医学部	看護学科	看護・保健	4	60
山形大学	国立	山形県	東北	山形市	地域教育文化学部	地域教育文化学科	理学	4	175
山形大学	国立	山形県	東北	米沢市	工学部	システム創成工学科	工学	4	50
山形大学	国立	山形県	東北	米沢市	工学部	化学・バイオ工学科	工学	4	140
山形大学	国立	山形県	東北	米沢市	工学部	建築・デザイン学科	工学	4	30
山形大学	国立	山形県	東北	米沢市	工学部	情報・エレクトロニクス学科	情報	4	150
山形大学	国立	山形県	東北	米沢市	工学部	機械システム工学科	工学	4	140
山形大学	国立	山形県	東北	米沢市	工学部	高分子・有機材料工学科	工学	4	140
山形大学	国立	山形県	東北	山形市	理学部	理学科	理学	4	210
山形大学	国立	山形県	東北	鶴岡市	農学部	食料生命環境学科	農・水産	4	165
山梨大学	国立	山梨県	中部	中央市	医学部	医学科	医学	6	125
山梨大学	国立	山梨県	中部	中央市	医学部	看護学科	看護・保健	4	60
山梨大学	国立	山梨県	中部	甲府市	工学部	工学科	工学	4	365
山梨大学	国立	山梨県	中部	甲府市	教育学部	学校教育課程	教育	4	110
山梨大学	国立	山梨県	中部	甲府市	生命環境学部	地域社会システム学科	社会・国際	4	48
山梨大学	国立	山梨県	中部	甲府市	生命環境学部	地域食物科学科	社会・国際	4	37
山梨大学	国立	山梨県	中部	甲府市	生命環境学部	環境科学科	社会・国際	4	30
山梨大学	国立	山梨県	中部	甲府市	生命環境学部	生命工学科	工学	4	50
岐阜大学	国立	岐阜県	中部	岐阜市	医学部	医学科	医学	6	110
岐阜大学	国立	岐阜県	中部	岐阜市	医学部	看護学科	看護・保健	4	80
岐阜大学	国立	岐阜県	中部	岐阜市	地域科学部	地域政策学科	社会・国際	4	50
岐阜大学	国立	岐阜県	中部	岐阜市	地域科学部	地域文化学科	理学	4	50
岐阜大学	国立	岐阜県	中部	岐阜市	工学部	化学・生命工学科	工学	4	154
岐阜大学	国立	岐阜県	中部	岐阜市	工学部	機械工学科	工学	4	134
岐阜大学	国立	岐阜県	中部	岐阜市	工学部	社会基盤工学科	工学	4	68
岐阜大学	国立	岐阜県	中部	岐阜市	工学部	電気電子・情報工学科	情報	4	194
岐阜大学	国立	岐阜県	中部	岐阜市	応用生物科学部	共同獣医学科	医学	6	30
岐阜大学	国立	岐阜県	中部	岐阜市	応用生物科学部	応用生命化学科	理学	4	58
岐阜大学	国立	岐阜県	中部	岐阜市	応用生物科学部	生物圏環境学科	理学	4	53
岐阜大学	国立	岐阜県	中部	岐阜市	応用生物科学部	食農生命科学科	農・水産	4	59
岐阜大学	国立	岐阜県	中部	岐阜市	教育学部	学校教育教員養成課程	教育	4	220
岡山大学	国立	岡山県	中国	岡山市	医学部	保健学科	看護・保健	4	160
岡山大学	国立	岡山県	中国	岡山市	医学部	医学科	医学	6	107
岡山大学	国立	岡山県	中国	岡山市	工学部	工学科	工学	4	640
岡山大学	国立	岡山県	中国	岡山市	教育学部	学校教育教員養成課程	教育	4	250
岡山大学	国立	岡山県	中国	岡山市	教育学部	養護教諭養成課程	教育	4	30
岡山大学	国立	岡山県	中国	岡山市	文学部	人文学科	文・人文	4	175
岡山大学	国立	岡山県	中国	岡山市	歯学部	歯学科	歯学	6	48
岡山大学	国立	岡山県	中国	岡山市	法学部	法学科	法学	4	225
岡山大学	国立	岡山県	中国	岡山市	理学部	化学科	理学	4	30
岡山大学	国立	岡山県	中国	岡山市	理学部	地球科学科	理学	4	25
岡山大学	国立	岡山県	中国	岡山市	理学部	数学科	理学	4	20
岡山大学	国立	岡山県	中国	岡山市	理学部	物理学科	理学	4	35
岡山大学	国立	岡山県	中国	岡山市	理学部	生物学科	理学	4	30
岡山大学	国立	岡山県	中国	岡山市	経済学部	経済学科	経済・経営	4	245
岡山大学	国立	岡山県	中国	岡山市	薬学部	創薬科学科	薬学	4	40
岡山大学	国立	岡山県	中国	岡山市	薬学部	薬学科	薬学	6	40
岡山大学	国立	岡山県	中国	岡山市	農学部	総合農業科学科	農・水産	4	120
岩手大学	国立	岩手県	東北	盛岡市	人文社会科学部	人間文化課程	文・人文	4	125
岩手大学	国立	岩手県	東北	盛岡市	人文社会科学部	地域政策課程	文・人文	4	75
岩手大学	国立	岩手県	東北	盛岡市	教育学部	学校教育教員養成課程	教育	4	160
岩手大学	国立	岩手県	東北	盛岡市	獣医学部	共同獣医学科	医学	6	30
岩手大学	国立	岩手県	東北	盛岡市	理工学部	理工学科	工学	4	414
岩手大学	国立	岩手県	東北	盛岡市	農学部	動物科学・水産科学科	農・水産	4	55
岩手大学	国立	岩手県	東北	盛岡市	農学部	地域環境科学科	農・水産	4	70
岩手大学	国立	岩手県	東北	盛岡市	農学部	生命科学科	農・水産	4	51
岩手大学	国立	岩手県	東北	盛岡市	農学部	食料農学科	農・水産	4	50
島根大学	国立	島根県	中国	松江市	人間科学部	人間科学科	社会・国際	4	80
島根大学	国立	島根県	中国	出雲市	医学部	医学科	医学	6	102
島根大学	国立	島根県	中国	出雲市	医学部	看護学科	看護・保健	4	60
島根大学	国立	島根県	中国	松江市	教育学部	学校教育課程	教育	4	130
島根大学	国立	島根県	中国	松江市	材料エネルギー学部	材料エネルギー学科	工学	4	80
島根大学	国立	島根県	中国	松江市	法文学部	法経学科	法学	4	76
島根大学	国立	島根県	中国	松江市	法文学部	社会文化学科	理学	4	47
島根大学	国立	島根県	中国	松江市	法文学部	言語文化学科	理学	4	52
島根大学	国立	島根県	中国	松江市	生物資源科学部	環境共生科学科	農・水産	4	70
島根大学	国立	島根県	中国	松江市	生物資源科学部	生命科学科	農・水産	4	70
島根大学	国立	島根県	中国	松江市	生物資源科学部	農林生産学科	農・水産	4	60
島根大学	国立	島根県	中国	松江市	総合理工学部	総合理工学科	工学	4	370
広島大学	国立	広島県	中国	広島市	医学部	保健学科	看護・保健	4	120
広島大学	国立	広島県	中国	広島市	医学部	医学科	医学	6	120
広島大学	国立	広島県	中国	東広島市	工学部	第一類（機械・輸送・材料・エネルギー系）	工学	4	150
広島大学	国立	広島県	中国	東広島市	工学部	第三類（応用化学・生物工学・化学工学系）	工学	4	115
広島大学	国立	広島県	中国	東広島市	工学部	第二類（電気電子・システム情報系）	情報	4	100
広島大学	国立	広島県	中国	東広島市	工学部	第四類（建設・環境系）	工学	4	90
広島大学	国立	広島県	中国	東広島市	情報科学部	情報科学科	情報	4	180
広島大学	国立	広島県	中国	東広島市	教育学部	第一類（学校教育系）	教育	4	137
広島大学	国立	広島県	中国	東広島市	教育学部	第三類（言語文化教育系）	教育	4	73
広島大学	国立	広島県	中国	東広島市	教育学部	第二類（科学文化教育系）	教育	4	82
広島大学	国立	広島県	中国	東広島市	教育学部	第五類（人間形成基礎系）	教育	4	52
広島大学	国立	広島県	中国	東広島市	教育学部	第四類（生涯活動教育系）	教育	4	81
広島大学	国立	広島県	中国	東広島市	文学部	人文学科	文・人文	4	130
広島大学	国立	広島県	中国	広島市	歯学部	口腔健康科学科	歯学	4	40
広島大学	国立	広島県	中国	広島市	歯学部	歯学科	歯学	6	53
広島大学	国立	広島県	中国	広島市	法学部	法学科	法学	4	170
広島大学	国立	広島県	中国	東広島市	理学部	化学科	理学	4	59
広島大学	国立	広島県	中国	東広島市	理学部	地球惑星システム学科	理学	4	24
広島大学	国立	広島県	中国	東広島市	理学部	数学科	理学	4	47
広島大学	国立	広島県	中国	東広島市	理学部	物理学科	理学	4	66
広島大学	国立	広島県	中国	東広島市	理学部	生物科学科	理学	4	34
広島大学	国立	広島県	中国	東広島市	生物生産学部	生物生産学科	農・水産	4	90
広島大学	国立	広島県	中国	東広島市	経済学部	経済学科	経済・経営	4	195
広島大学	国立	広島県	中国	東広島市	総合科学部	国際共創学科	社会・国際	4	40
広島大学	国立	広島県	中国	東広島市	総合科学部	総合科学科	総合・学際	4	120
広島大学	国立	広島県	中国	広島市	薬学部	薬学科	薬学	6	38
広島大学	国立	広島県	中国	広島市	薬学部	薬科学科	薬学	4	22
徳島大学	国立	徳島県	四国	徳島市	医学部	保健学科	看護・保健	4	124
徳島大学	国立	徳島県	四国	徳島市	医学部	医学科	医学	6	111
徳島大学	国立	徳島県	四国	徳島市	医学部	医科栄養学科	その他	4	50
徳島大学	国立	徳島県	四国	徳島市	歯学部	口腔保健学科	歯学	4	15
徳島大学	国立	徳島県	四国	徳島市	歯学部	歯学科	歯学	6	40
徳島大学	国立	徳島県	四国	徳島市	理工学部	理工学科	工学	4	610
徳島大学	国立	徳島県	四国	徳島市	生物資源産業学部	生物資源産業学科	農・水産	4	100
徳島大学	国立	徳島県	四国	徳島市	総合科学部	社会総合科学科	社会・国際	4	170
徳島大学	国立	徳島県	四国	徳島市	薬学部	薬学科	薬学	6	80
鳴門教育大学	国立	徳島県	四国	鳴門市	学校教育学部	学校教育教員養成課程	教育	4	100
愛媛大学	国立	愛媛県	四国	東温市	医学部	医学科	医学	6	110
愛媛大学	国立	愛媛県	四国	東温市	医学部	看護学科	看護・保健	4	60
愛媛大学	国立	愛媛県	四国	松山市	工学部	工学科	工学	4	530
愛媛大学	国立	愛媛県	四国	松山市	教育学部	学校教育教員養成課程	教育	4	160
愛媛大学	国立	愛媛県	四国	松山市	法文学部	人文社会学科	法学	4	365
愛媛大学	国立	愛媛県	四国	松山市	理学部	理学科	理学	4	225
愛媛大学	国立	愛媛県	四国	松山市	社会共創学部	地域資源マネジメント学科	社会・国際	4	50
愛媛大学	国立	愛媛県	四国	松山市	社会共創学部	環境デザイン学科	芸術	4	35
愛媛大学	国立	愛媛県	四国	松山市	社会共創学部	産業イノベーション学科	社会・国際	4	25
愛媛大学	国立	愛媛県	四国	松山市	社会共創学部	産業マネジメント学科	社会・国際	4	70
愛媛大学	国立	愛媛県	四国	松山市	農学部	生命機能学科	農・水産	4	45
愛媛大学	国立	愛媛県	四国	松山市	農学部	生物環境学科	農・水産	4	55
愛媛大学	国立	愛媛県	四国	松山市	農学部	食料生産学科	農・水産	4	70
名古屋大学	国立	愛知県	中部	名古屋市	医学部	保健学科	看護・保健	4	200
名古屋大学	国立	愛知県	中部	名古屋市	医学部	医学科	医学	6	108
名古屋大学	国立	愛知県	中部	名古屋市	工学部	エネルギー理工学科	工学	4	40
名古屋大学	国立	愛知県	中部	名古屋市	工学部	マテリアル工学科	工学	4	110
名古屋大学	国立	愛知県	中部	名古屋市	工学部	化学生命工学科	工学	4	99
名古屋大学	国立	愛知県	中部	名古屋市	工学部	機械・航空宇宙工学科	工学	4	160
名古屋大学	国立	愛知県	中部	名古屋市	工学部	物理工学科	工学	4	83
名古屋大学	国立	愛知県	中部	名古屋市	工学部	環境土木・建築学科	工学	4	80
名古屋大学	国立	愛知県	中部	名古屋市	工学部	電気電子情報工学科	情報	4	128
名古屋大学	国立	愛知県	中部	名古屋市	情報学部	コンピュータ科学科	情報	4	67
名古屋大学	国立	愛知県	中部	名古屋市	情報学部	人間・社会情報学科	情報	4	38
名古屋大学	国立	愛知県	中部	名古屋市	情報学部	自然情報学科	情報	4	44
名古屋大学	国立	愛知県	中部	名古屋市	教育学部	人間発達科学科	教育	4	65
名古屋大学	国立	愛知県	中部	名古屋市	文学部	人文学科	文・人文	4	125
名古屋大学	国立	愛知県	中部	名古屋市	法学部	法律・政治学科	法学	4	150
名古屋大学	国立	愛知県	中部	名古屋市	理学部	化学科	理学	4	50
名古屋大学	国立	愛知県	中部	名古屋市	理学部	地球惑星科学科	理学	4	25
名古屋大学	国立	愛知県	中部	名古屋市	理学部	数理学科	理学	4	55
名古屋大学	国立	愛知県	中部	名古屋市	理学部	物理学科	理学	4	90
名古屋大学	国立	愛知県	中部	名古屋市	理学部	生命理学科	理学	4	50
名古屋大学	国立	愛知県	中部	名古屋市	経済学部	経営学科	経済・経営	4	65
名古屋大学	国立	愛知県	中部	名古屋市	経済学部	経済学科	経済・経営	4	140
名古屋大学	国立	愛知県	中部	名古屋市	農学部	応用生命科学科	農・水産	4	80
名古屋大学	国立	愛知県	中部	名古屋市	農学部	生物環境科学科	農・水産	4	35
名古屋大学	国立	愛知県	中部	名古屋市	農学部	資源生物科学科	農・水産	4	55
名古屋工業大学	国立	愛知県	中部	名古屋市	工学部	創造工学教育課程	工学	4	100
名古屋工業大学	国立	愛知県	中部	名古屋市	工学部	基幹工学教育課程	工学	5	20
名古屋工業大学	国立	愛知県	中部	名古屋市	工学部	情報工学科	情報	4	145
名古屋工業大学	国立	愛知県	中部	名古屋市	工学部	物理工学科	工学	4	105
名古屋工業大学	国立	愛知県	中部	名古屋市	工学部	生命・応用化学科	工学	4	210
名古屋工業大学	国立	愛知県	中部	名古屋市	工学部	社会工学科	工学	4	150
名古屋工業大学	国立	愛知県	中部	名古屋市	工学部	電気・機械工学科	工学	4	200
愛知教育大学	国立	愛知県	中部	刈谷市	教育学部	学校教員養成課程	教育	4	729
愛知教育大学	国立	愛知県	中部	刈谷市	教育学部	教育支援専門職養成課程	教育	4	130
豊橋技術科学大学	国立	愛知県	中部	豊橋市	工学部	建築・都市システム学課程	工学	4	10
豊橋技術科学大学	国立	愛知県	中部	豊橋市	工学部	応用化学・生命工学課程	工学	4	20
豊橋技術科学大学	国立	愛知県	中部	豊橋市	工学部	情報・知能工学課程	情報	4	15
豊橋技術科学大学	国立	愛知県	中部	豊橋市	工学部	機械工学課程	工学	4	20
豊橋技術科学大学	国立	愛知県	中部	豊橋市	工学部	電気・電子情報工学課程	情報	4	15
上越教育大学	国立	新潟県	中部	上越市	学校教育学部	初等教育教員養成課程	教育	4	160
新潟大学	国立	新潟県	中部	新潟市	人文学部	人文学科	文・人文	4	210
新潟大学	国立	新潟県	中部	新潟市	創生学部	創生学修課程	その他	4	70
新潟大学	国立	新潟県	中部	新潟市	医学部	保健学科	看護・保健	4	160
新潟大学	国立	新潟県	中部	新潟市	医学部	医学科	医学	6	140
新潟大学	国立	新潟県	中部	新潟市	工学部	工学科	工学	4	535
新潟大学	国立	新潟県	中部	新潟市	教育学部	学校教員養成課程	教育	4	180
新潟大学	国立	新潟県	中部	新潟市	歯学部	口腔生命福祉学科	歯学	4	20
新潟大学	国立	新潟県	中部	新潟市	歯学部	歯学科	歯学	6	40
新潟大学	国立	新潟県	中部	新潟市	法学部	法学科	法学	4	170
新潟大学	国立	新潟県	中部	新潟市	理学部	理学科	理学	4	200
新潟大学	国立	新潟県	中部	新潟市	経済科学部	総合経済学科	経済・経営	4	350
新潟大学	国立	新潟県	中部	新潟市	農学部	農学科	農・水産	4	175
長岡技術科学大学	国立	新潟県	中部	長岡市	工学部	工学課程	工学	4	80
お茶の水女子大学	国立	東京都	関東	文京区	共創工学部	人間環境工学科	工学	4	26
お茶の水女子大学	国立	東京都	関東	文京区	共創工学部	文化情報工学科	情報	4	20
お茶の水女子大学	国立	東京都	関東	文京区	文教育学部	人文科学科	教育	4	50
お茶の水女子大学	国立	東京都	関東	文京区	文教育学部	人間社会科学科	教育	4	37
お茶の水女子大学	国立	東京都	関東	文京区	文教育学部	芸術・表現行動学科	教育	4	25
お茶の水女子大学	国立	東京都	関東	文京区	文教育学部	言語文化学科	理学	4	73
お茶の水女子大学	国立	東京都	関東	文京区	理学部	化学科	理学	4	20
お茶の水女子大学	国立	東京都	関東	文京区	理学部	情報科学科	情報	4	36
お茶の水女子大学	国立	東京都	関東	文京区	理学部	数学科	理学	4	20
お茶の水女子大学	国立	東京都	関東	文京区	理学部	物理学科	理学	4	20
お茶の水女子大学	国立	東京都	関東	文京区	理学部	生物学科	理学	4	24
お茶の水女子大学	国立	東京都	関東	文京区	生活科学部	人間生活学科	社会・国際	4	39
お茶の水女子大学	国立	東京都	関東	文京区	生活科学部	心理学科	理学	4	26
お茶の水女子大学	国立	東京都	関東	文京区	生活科学部	食物栄養学科	その他	4	36
一橋大学	国立	東京都	関東	国立市	ソーシャル・データサイエンス学部	ソーシャル・データサイエンス学科	情報	4	60
一橋大学	国立	東京都	関東	国立市	商学部	商学科	経済・経営	4	129
一橋大学	国立	東京都	関東	国立市	商学部	経営学科	経済・経営	4	129
一橋大学	国立	東京都	関東	国立市	法学部	法律学科	法学	4	159
一橋大学	国立	東京都	関東	国立市	社会学部	社会学科	社会・国際	4	220
一橋大学	国立	東京都	関東	国立市	経済学部	経済学科	経済・経営	4	258
東京外国語大学	国立	東京都	関東	府中市	国際日本学部	国際日本学科	社会・国際	4	75
東京外国語大学	国立	東京都	関東	府中市	国際社会学部	国際社会学科	社会・国際	4	335
東京外国語大学	国立	東京都	関東	府中市	言語文化学部	言語文化学科	理学	4	335
東京大学	国立	東京都	関東	文京区	医学部	健康総合科学科	総合・学際	4	40
東京大学	国立	東京都	関東	文京区	医学部	医学科	医学	6	110
東京大学	国立	東京都	関東	文京区	工学部	システム創成学科	工学	4	116
東京大学	国立	東京都	関東	文京区	工学部	マテリアル工学科	工学	4	75
東京大学	国立	東京都	関東	文京区	工学部	化学システム工学科	工学	4	50
東京大学	国立	東京都	関東	文京区	工学部	化学生命工学科	工学	4	50
東京大学	国立	東京都	関東	文京区	工学部	建築学科	工学	4	60
東京大学	国立	東京都	関東	文京区	工学部	応用化学科	工学	4	55
東京大学	国立	東京都	関東	文京区	工学部	機械工学科	工学	4	85
東京大学	国立	東京都	関東	文京区	工学部	機械情報工学科	情報	4	40
東京大学	国立	東京都	関東	文京区	工学部	物理工学科	工学	4	50
東京大学	国立	東京都	関東	文京区	工学部	社会基盤学科	工学	4	40
東京大学	国立	東京都	関東	文京区	工学部	精密工学科	工学	4	45
東京大学	国立	東京都	関東	文京区	工学部	航空宇宙工学科	工学	4	52
東京大学	国立	東京都	関東	文京区	工学部	計数工学科	工学	4	55
東京大学	国立	東京都	関東	文京区	工学部	都市工学科	工学	4	50
東京大学	国立	東京都	関東	文京区	工学部	電子情報工学科	情報	4	40
東京大学	国立	東京都	関東	文京区	工学部	電気電子工学科	工学	4	75
東京大学	国立	東京都	関東	文京区	教育学部	総合教育科学科	教育	4	95
東京大学	国立	東京都	関東	目黒区	教養学部	学際科学科	総合・学際	4	25
東京大学	国立	東京都	関東	目黒区	教養学部	教養学科	その他	4	65
東京大学	国立	東京都	関東	目黒区	教養学部	統合自然科学科	その他	4	50
東京大学	国立	東京都	関東	文京区	文学部	人文学科	文・人文	4	350
東京大学	国立	東京都	関東	文京区	法学部	第1類（法学総合コース）、第2類（法律プロフェッション・コース）、第3類（政治コース）	法学	4	400
東京大学	国立	東京都	関東	文京区	理学部	化学科	理学	4	44
東京大学	国立	東京都	関東	文京区	理学部	地球惑星物理学科	理学	4	32
東京大学	国立	東京都	関東	文京区	理学部	地球惑星環境学科	理学	4	19
東京大学	国立	東京都	関東	文京区	理学部	天文学科	理学	4	5
東京大学	国立	東京都	関東	文京区	理学部	情報科学科	情報	4	24
東京大学	国立	東京都	関東	目黒区	理学部	数学科	理学	4	44
東京大学	国立	東京都	関東	文京区	理学部	物理学科	理学	4	69
東京大学	国立	東京都	関東	文京区	理学部	生物化学科	理学	4	15
東京大学	国立	東京都	関東	文京区	理学部	生物学科	理学	4	18
東京大学	国立	東京都	関東	文京区	理学部	生物情報科学科	情報	4	10
東京大学	国立	東京都	関東	文京区	経済学部	経営学科	経済・経営	4	100
東京大学	国立	東京都	関東	文京区	経済学部	経済学科	経済・経営	4	170
東京大学	国立	東京都	関東	文京区	経済学部	金融学科	経済・経営	4	70
東京大学	国立	東京都	関東	文京区	薬学部	薬学科	薬学	6	8
東京大学	国立	東京都	関東	文京区	薬学部	薬科学科	薬学	4	72
東京大学	国立	東京都	関東	文京区	農学部	応用生命科学課程	農・水産	4	152
東京大学	国立	東京都	関東	文京区	農学部	獣医学課程	獣医	6	30
東京大学	国立	東京都	関東	文京区	農学部	環境資源科学課程	農・水産	4	108
東京学芸大学	国立	東京都	関東	小金井市	教育学部	学校教育教員養成課程	教育	4	825
東京学芸大学	国立	東京都	関東	小金井市	教育学部	教育支援課程	教育	4	185
東京海洋大学	国立	東京都	関東	江東区	海洋工学部	流通情報工学科	情報	4	42
東京海洋大学	国立	東京都	関東	江東区	海洋工学部	海事システム工学科	工学	4	59
東京海洋大学	国立	東京都	関東	江東区	海洋工学部	海洋電子機械工学科	工学	4	59
東京海洋大学	国立	東京都	関東	港区	海洋生命科学部	水産教員養成課程	農・水産	4	7
東京海洋大学	国立	東京都	関東	港区	海洋生命科学部	海洋政策文化学科	理学	4	40
東京海洋大学	国立	東京都	関東	港区	海洋生命科学部	海洋生物資源学科	農・水産	4	68
東京海洋大学	国立	東京都	関東	港区	海洋生命科学部	食品生産科学科	総合・学際	4	55
東京海洋大学	国立	東京都	関東	港区	海洋資源環境学部	海洋環境科学科	社会・国際	4	62
東京海洋大学	国立	東京都	関東	港区	海洋資源環境学部	海洋資源エネルギー学科	社会・国際	4	43
東京科学大学	国立	東京都	関東	文京区	医学部	保健衛生学科	看護・保健	4	90
東京科学大学	国立	東京都	関東	文京区	医学部	医学科	医学	6	101
東京科学大学	国立	東京都	関東	目黒区	工学院	機械系、システム制御系、電気電子系、情報通信系、経営工学系	情報	4	358
東京科学大学	国立	東京都	関東	目黒区	情報理工学院	数理・計算科学系、情報工学系	情報	4	132
東京科学大学	国立	東京都	関東	文京区	歯学部	口腔保健学科	歯学	4	32
東京科学大学	国立	東京都	関東	文京区	歯学部	歯学科	歯学	6	53
東京科学大学	国立	東京都	関東	目黒区	物質理工学院	材料系、応用化学系	工学	4	183
東京科学大学	国立	東京都	関東	目黒区	理学院	数学系、物理学系、化学系、地球惑星科学系	理学	4	151
東京科学大学	国立	東京都	関東	目黒区	環境・社会理工学院	建築学系、土木・環境工学系、融合理工学系	工学	4	134
東京科学大学	国立	東京都	関東	目黒区	生命理工学院	生命理工学系	工学	4	150
東京芸術大学	国立	東京都	関東	台東区	美術学部	デザイン科	芸術	4	45
東京芸術大学	国立	東京都	関東	台東区	美術学部	工芸科	工学	4	30
東京芸術大学	国立	東京都	関東	台東区	美術学部	建築科	工学	4	15
東京芸術大学	国立	東京都	関東	台東区	美術学部	彫刻科	芸術	4	20
東京芸術大学	国立	東京都	関東	台東区	美術学部	絵画科	芸術	4	80
東京芸術大学	国立	東京都	関東	台東区	美術学部	芸術学科	芸術	4	20
東京芸術大学	国立	東京都	関東	台東区	音楽学部	作曲科	芸術	4	15
東京芸術大学	国立	東京都	関東	台東区	音楽学部	器楽科	芸術	4	98
東京芸術大学	国立	東京都	関東	台東区	音楽学部	声楽科	芸術	4	54
東京芸術大学	国立	東京都	関東	台東区	音楽学部	指揮科	芸術	4	2
東京芸術大学	国立	東京都	関東	台東区	音楽学部	楽理科	芸術	4	23
東京芸術大学	国立	東京都	関東	台東区	音楽学部	邦楽科	芸術	4	25
東京芸術大学	国立	東京都	関東	足立区	音楽学部	音楽環境創造科	芸術	4	20
東京農工大学	国立	東京都	関東	小金井市	工学部	化学物理工学科	工学	4	81
東京農工大学	国立	東京都	関東	小金井市	工学部	応用化学科	工学	4	81
東京農工大学	国立	東京都	関東	小金井市	工学部	機械システム工学科	工学	4	102
東京農工大学	国立	東京都	関東	小金井市	工学部	生体医用システム工学科	工学	4	56
東京農工大学	国立	東京都	関東	小金井市	工学部	生命工学科	工学	4	81
東京農工大学	国立	東京都	関東	小金井市	工学部	知能情報システム工学科	情報	4	120
東京農工大学	国立	東京都	関東	府中市	農学部	共同獣医学科	医学	6	35
東京農工大学	国立	東京都	関東	府中市	農学部	地域生態システム学科	農・水産	4	76
東京農工大学	国立	東京都	関東	府中市	農学部	応用生物科学科	農・水産	4	71
東京農工大学	国立	東京都	関東	府中市	農学部	環境資源科学科	農・水産	4	61
東京農工大学	国立	東京都	関東	府中市	農学部	生物生産学科	農・水産	4	57
電気通信大学	国立	東京都	関東	調布市	情報理工学域	Ⅰ類（情報系）	情報	4	255
電気通信大学	国立	東京都	関東	調布市	情報理工学域	Ⅱ類（融合系）	情報	4	235
電気通信大学	国立	東京都	関東	調布市	情報理工学域	Ⅲ類（理工系）	情報	4	230
電気通信大学	国立	東京都	関東	調布市	情報理工学域	先端工学基礎課程	情報	4	30
宇都宮大学	国立	栃木県	関東	宇都宮市	データサイエンス経営学部	データサイエンス経営学科	情報	4	55
宇都宮大学	国立	栃木県	関東	宇都宮市	共同教育学部	学校教育教員養成課程	教育	4	170
宇都宮大学	国立	栃木県	関東	宇都宮市	国際学部	国際学科	社会・国際	4	84
宇都宮大学	国立	栃木県	関東	宇都宮市	地域デザイン科学部	コミュニティデザイン学科	芸術	4	47
宇都宮大学	国立	栃木県	関東	宇都宮市	地域デザイン科学部	建築都市デザイン学科	工学	4	47
宇都宮大学	国立	栃木県	関東	宇都宮市	地域デザイン科学部	社会基盤デザイン学科	芸術	4	37
宇都宮大学	国立	栃木県	関東	宇都宮市	工学部	基盤工学科	工学	4	290
宇都宮大学	国立	栃木県	関東	宇都宮市	農学部	応用生命化学科	農・水産	4	30
宇都宮大学	国立	栃木県	関東	宇都宮市	農学部	森林科学科	農・水産	4	29
宇都宮大学	国立	栃木県	関東	宇都宮市	農学部	生物資源科学科	農・水産	4	58
宇都宮大学	国立	栃木県	関東	宇都宮市	農学部	農業環境工学科	農・水産	4	30
宇都宮大学	国立	栃木県	関東	宇都宮市	農学部	農業経済学科	農・水産	4	33
琉球大学	国立	沖縄県	九州沖縄	西原町	人文社会学部	人間社会学科	文・人文	4	80
琉球大学	国立	沖縄県	九州沖縄	西原町	人文社会学部	国際法政学科	法学	4	80
琉球大学	国立	沖縄県	九州沖縄	西原町	人文社会学部	琉球アジア文化学科	理学	4	40
琉球大学	国立	沖縄県	九州沖縄	西原町	医学部	保健学科	看護・保健	4	60
琉球大学	国立	沖縄県	九州沖縄	西原町	医学部	医学科	医学	6	111
琉球大学	国立	沖縄県	九州沖縄	西原町	国際地域創造学部	国際地域創造学科	社会・国際	4	345
琉球大学	国立	沖縄県	九州沖縄	西原町	工学部	工学科	工学	4	350
琉球大学	国立	沖縄県	九州沖縄	西原町	教育学部	学校教育教員養成課程	教育	4	140
琉球大学	国立	沖縄県	九州沖縄	西原町	理学部	数理科学科	理学	4	40
琉球大学	国立	沖縄県	九州沖縄	西原町	理学部	海洋自然科学科	理学	4	95
琉球大学	国立	沖縄県	九州沖縄	西原町	理学部	物質地球科学科	理学	4	65
琉球大学	国立	沖縄県	九州沖縄	西原町	農学部	亜熱帯地域農学科	農・水産	4	35
琉球大学	国立	沖縄県	九州沖縄	西原町	農学部	亜熱帯生物資源科学科	農・水産	4	45
琉球大学	国立	沖縄県	九州沖縄	西原町	農学部	亜熱帯農林環境科学科	農・水産	4	35
琉球大学	国立	沖縄県	九州沖縄	西原町	農学部	地域農業工学科	農・水産	4	25
滋賀医科大学	国立	滋賀県	近畿	大津市	医学部	医学科	医学	6	95
滋賀医科大学	国立	滋賀県	近畿	大津市	医学部	看護学科	看護・保健	4	60
滋賀大学	国立	滋賀県	近畿	彦根市	データサイエンス学部	データサイエンス学科	情報	4	150
滋賀大学	国立	滋賀県	近畿	大津市	教育学部	学校教育教員養成課程	教育	4	230
滋賀大学	国立	滋賀県	近畿	彦根市	経済学部	総合経済学科	経済・経営	4	410
熊本大学	国立	熊本県	九州沖縄	熊本市	医学部	保健学科	看護・保健	4	144
熊本大学	国立	熊本県	九州沖縄	熊本市	医学部	医学科	医学	6	109
熊本大学	国立	熊本県	九州沖縄	熊本市	工学部	半導体デバイス工学課程	工学	4	20
熊本大学	国立	熊本県	九州沖縄	熊本市	工学部	土木建築学科	工学	4	124
熊本大学	国立	熊本県	九州沖縄	熊本市	工学部	情報電気工学科	情報	4	132
熊本大学	国立	熊本県	九州沖縄	熊本市	工学部	材料・応用化学科	工学	4	129
熊本大学	国立	熊本県	九州沖縄	熊本市	工学部	機械数理工学科	工学	4	108
熊本大学	国立	熊本県	九州沖縄	熊本市	教育学部	学校教育教員養成課程	教育	4	220
熊本大学	国立	熊本県	九州沖縄	熊本市	文学部	コミュニケーション情報学科	情報	4	30
熊本大学	国立	熊本県	九州沖縄	熊本市	文学部	文学科	文・人文	4	50
熊本大学	国立	熊本県	九州沖縄	熊本市	文学部	歴史学科	文・人文	4	35
熊本大学	国立	熊本県	九州沖縄	熊本市	文学部	総合人間学科	文・人文	4	55
熊本大学	国立	熊本県	九州沖縄	熊本市	法学部	法学科	法学	4	210
熊本大学	国立	熊本県	九州沖縄	熊本市	理学部	理学科	理学	4	200
熊本大学	国立	熊本県	九州沖縄	熊本市	薬学部	創薬・生命薬科学科	薬学	4	35
熊本大学	国立	熊本県	九州沖縄	熊本市	薬学部	薬学科	薬学	6	55
金沢大学	国立	石川県	中部	金沢市	人間社会学域	人文学類	文・人文	4	138
金沢大学	国立	石川県	中部	金沢市	人間社会学域	国際学類	社会・国際	4	81
金沢大学	国立	石川県	中部	金沢市	人間社会学域	地域創造学類	社会・国際	4	83
金沢大学	国立	石川県	中部	金沢市	人間社会学域	学校教育学類共同教員養成課程	教育	4	85
金沢大学	国立	石川県	中部	金沢市	人間社会学域	法学類	法学	4	150
金沢大学	国立	石川県	中部	金沢市	人間社会学域	経済学類	経済・経営	4	131
金沢大学	国立	石川県	中部	金沢市	医薬保健学域	保健学類	薬学	4	189
金沢大学	国立	石川県	中部	金沢市	医薬保健学域	医学類	医学	6	112
金沢大学	国立	石川県	中部	金沢市	医薬保健学域	医薬科学類	薬学	4	18
金沢大学	国立	石川県	中部	金沢市	医薬保健学域	薬学類	薬学	6	65
金沢大学	国立	石川県	中部	金沢市	理工学域	フロンティア工学類	工学	4	108
金沢大学	国立	石川県	中部	金沢市	理工学域	地球社会基盤学類	工学	4	94
金沢大学	国立	石川県	中部	金沢市	理工学域	数物科学類	工学	4	78
金沢大学	国立	石川県	中部	金沢市	理工学域	機械工学類	工学	4	89
金沢大学	国立	石川県	中部	金沢市	理工学域	物質化学類	工学	4	78
金沢大学	国立	石川県	中部	金沢市	理工学域	生命理工学類	工学	4	56
金沢大学	国立	石川県	中部	金沢市	理工学域	電子情報通信学類	情報	4	116
金沢大学	国立	石川県	中部	金沢市	融合学域	スマート創成科学類	総合・学際	4	55
金沢大学	国立	石川県	中部	金沢市	融合学域	先導学類	その他	4	55
金沢大学	国立	石川県	中部	金沢市	融合学域	観光デザイン学類	芸術	4	55
横浜国立大学	国立	神奈川県	関東	横浜市	教育学部	学校教員養成課程	教育	4	200
横浜国立大学	国立	神奈川県	関東	横浜市	理工学部	化学・生命系学科	工学	4	187
横浜国立大学	国立	神奈川県	関東	横浜市	理工学部	数物・電子情報系学科	情報	4	310
横浜国立大学	国立	神奈川県	関東	横浜市	理工学部	機械・材料・海洋系学科	工学	4	185
横浜国立大学	国立	神奈川県	関東	横浜市	経営学部	経営学科	経済・経営	4	297
横浜国立大学	国立	神奈川県	関東	横浜市	経済学部	経済学科	経済・経営	4	258
横浜国立大学	国立	神奈川県	関東	横浜市	都市科学部	建築学科	工学	4	70
横浜国立大学	国立	神奈川県	関東	横浜市	都市科学部	環境リスク共生学科	社会・国際	4	56
横浜国立大学	国立	神奈川県	関東	横浜市	都市科学部	都市基盤学科	その他	4	48
横浜国立大学	国立	神奈川県	関東	横浜市	都市科学部	都市社会共生学科	社会・国際	4	74
福井大学	国立	福井県	中部	永平寺町	医学部	医学科	医学	6	110
福井大学	国立	福井県	中部	永平寺町	医学部	看護学科	看護・保健	4	60
福井大学	国立	福井県	中部	福井市	国際地域学部	国際地域学科	社会・国際	4	60
福井大学	国立	福井県	中部	福井市	工学部	建築・都市環境工学科	工学	4	60
福井大学	国立	福井県	中部	福井市	工学部	応用物理学科	工学	4	50
福井大学	国立	福井県	中部	福井市	工学部	機械・システム工学科	工学	4	155
福井大学	国立	福井県	中部	福井市	工学部	物質・生命化学科	工学	4	135
福井大学	国立	福井県	中部	福井市	工学部	電気電子情報工学科	情報	4	125
福井大学	国立	福井県	中部	福井市	教育学部	学校教育課程	教育	4	100
九州大学	国立	福岡県	九州沖縄	福岡市	共創学部	共創学科	総合・学際	4	105
九州大学	国立	福岡県	九州沖縄	福岡市	医学部	保健学科	看護・保健	4	134
九州大学	国立	福岡県	九州沖縄	福岡市	医学部	医学科	医学	6	105
九州大学	国立	福岡県	九州沖縄	福岡市	医学部	生命科学科	総合・学際	4	12
九州大学	国立	福岡県	九州沖縄	福岡市	工学部	化学工学科	工学	4	38
九州大学	国立	福岡県	九州沖縄	福岡市	工学部	土木工学科	工学	4	77
九州大学	国立	福岡県	九州沖縄	福岡市	工学部	地球資源システム工学科	工学	4	34
九州大学	国立	福岡県	九州沖縄	福岡市	工学部	建築学科	工学	4	58
九州大学	国立	福岡県	九州沖縄	福岡市	工学部	応用化学科	工学	4	72
九州大学	国立	福岡県	九州沖縄	福岡市	工学部	材料工学科	工学	4	53
九州大学	国立	福岡県	九州沖縄	福岡市	工学部	機械工学科	工学	4	135
九州大学	国立	福岡県	九州沖縄	福岡市	工学部	航空宇宙工学科	工学	4	29
九州大学	国立	福岡県	九州沖縄	福岡市	工学部	船舶海洋工学科	工学	4	34
九州大学	国立	福岡県	九州沖縄	福岡市	工学部	融合基礎工学科	工学	4	57
九州大学	国立	福岡県	九州沖縄	福岡市	工学部	量子物理工学科	工学	4	38
九州大学	国立	福岡県	九州沖縄	福岡市	工学部	電気情報工学科	情報	4	153
九州大学	国立	福岡県	九州沖縄	福岡市	教育学部	(教育学)	教育	4	46
九州大学	国立	福岡県	九州沖縄	福岡市	文学部	人文学科	文・人文	4	151
九州大学	国立	福岡県	九州沖縄	福岡市	歯学部	歯学科	歯学	6	53
九州大学	国立	福岡県	九州沖縄	福岡市	法学部	（法学）	法学	4	189
九州大学	国立	福岡県	九州沖縄	福岡市	理学部	化学科	理学	4	62
九州大学	国立	福岡県	九州沖縄	福岡市	理学部	地球惑星科学科	理学	4	45
九州大学	国立	福岡県	九州沖縄	福岡市	理学部	数学科	理学	4	50
九州大学	国立	福岡県	九州沖縄	福岡市	理学部	物理学科	理学	4	55
九州大学	国立	福岡県	九州沖縄	福岡市	理学部	生物学科	理学	4	46
九州大学	国立	福岡県	九州沖縄	福岡市	経済学部	経済・経営学科	経済・経営	4	141
九州大学	国立	福岡県	九州沖縄	福岡市	経済学部	経済工学科	工学	4	85
九州大学	国立	福岡県	九州沖縄	福岡市	芸術工学部	芸術工学科	工学	4	187
九州大学	国立	福岡県	九州沖縄	福岡市	薬学部	創薬科学科	薬学	4	49
九州大学	国立	福岡県	九州沖縄	福岡市	薬学部	臨床薬学科	薬学	6	30
九州大学	国立	福岡県	九州沖縄	福岡市	農学部	生物資源環境学科	農・水産	4	226
九州工業大学	国立	福岡県	九州沖縄	北九州市	工学部	マテリアル工学科	工学	4	60
九州工業大学	国立	福岡県	九州沖縄	北九州市	工学部	宇宙システム工学科	工学	4	55
九州工業大学	国立	福岡県	九州沖縄	北九州市	工学部	建設社会工学科	工学	4	80
九州工業大学	国立	福岡県	九州沖縄	北九州市	工学部	応用化学科	工学	4	74
九州工業大学	国立	福岡県	九州沖縄	北九州市	工学部	機械知能工学科	情報	4	136
九州工業大学	国立	福岡県	九州沖縄	北九州市	工学部	電気電子工学科	工学	4	126
九州工業大学	国立	福岡県	九州沖縄	飯塚市	情報工学部	情報・通信工学科	情報	4	93
九州工業大学	国立	福岡県	九州沖縄	飯塚市	情報工学部	物理情報工学科	情報	4	65
九州工業大学	国立	福岡県	九州沖縄	飯塚市	情報工学部	生命化学情報工学科	情報	4	65
九州工業大学	国立	福岡県	九州沖縄	飯塚市	情報工学部	知的システム工学科	情報	4	94
九州工業大学	国立	福岡県	九州沖縄	飯塚市	情報工学部	知能情報工学科	情報	4	93
福岡教育大学	国立	福岡県	九州沖縄	宗像市	教育学部	中等教育教員養成課程	教育	4	170
福岡教育大学	国立	福岡県	九州沖縄	宗像市	教育学部	初等教育教員養成課程	教育	4	385
福岡教育大学	国立	福岡県	九州沖縄	宗像市	教育学部	特別支援教育教員養成課程	教育	4	60
福島大学	国立	福島県	東北	福島市	人文社会学群	人間発達文化学類	理学	4	260
福島大学	国立	福島県	東北	福島市	人文社会学群	経済経営学類	経済・経営	4	220
福島大学	国立	福島県	東北	福島市	人文社会学群	行政政策学類	文・人文	4	205
福島大学	国立	福島県	東北	福島市	理工学群	共生システム理工学類	工学	4	200
福島大学	国立	福島県	東北	福島市	農学群	食農学類	農・水産	4	100
秋田大学	国立	秋田県	東北	秋田市	医学部	保健学科	看護・保健	4	106
秋田大学	国立	秋田県	東北	秋田市	医学部	医学科	医学	6	124
秋田大学	国立	秋田県	東北	秋田市	国際資源学部	国際資源学科	社会・国際	4	120
秋田大学	国立	秋田県	東北	秋田市	情報データ科学部	情報データ科学科	情報	4	100
秋田大学	国立	秋田県	東北	秋田市	教育文化学部	地域文化学科	理学	4	80
秋田大学	国立	秋田県	東北	秋田市	教育文化学部	学校教育課程	理学	4	110
秋田大学	国立	秋田県	東北	秋田市	総合環境理工学部	応用化学生物学科	工学	4	100
秋田大学	国立	秋田県	東北	秋田市	総合環境理工学部	環境数物科学科	工学	4	90
秋田大学	国立	秋田県	東北	秋田市	総合環境理工学部	社会システム工学科	工学	4	125
群馬大学	国立	群馬県	関東	前橋市	共同教育学部	学校教育教員養成課程	教育	4	190
群馬大学	国立	群馬県	関東	前橋市	医学部	保健学科	看護・保健	4	160
群馬大学	国立	群馬県	関東	前橋市	医学部	医学科	医学	6	110
群馬大学	国立	群馬県	関東	前橋市	情報学部	情報学科	情報	4	170
群馬大学	国立	群馬県	関東	桐生市	理工学部	物質・環境類	工学	4	285
群馬大学	国立	群馬県	関東	桐生市	理工学部	電子・機械類	工学	4	185
東京芸術大学	国立	茨城県	関東	取手市	美術学部	先端芸術表現科	芸術	4	24
筑波大学	国立	茨城県	関東	つくば市	人文・文化学群	人文学類	理学	4	120
筑波大学	国立	茨城県	関東	つくば市	人文・文化学群	日本語・日本文化学類	理学	4	40
筑波大学	国立	茨城県	関東	つくば市	人文・文化学群	比較文化学類	理学	4	80
筑波大学	国立	茨城県	関東	つくば市	人間学群	心理学類	理学	4	50
筑波大学	国立	茨城県	関東	つくば市	人間学群	教育学類	教育	4	35
筑波大学	国立	茨城県	関東	つくば市	人間学群	障害科学類	社会・国際	4	35
筑波大学	国立	茨城県	関東	つくば市	体育専門学群	体育専門学群	体育	4	240
筑波大学	国立	茨城県	関東	つくば市	医学群	医学類	医学	6	134
筑波大学	国立	茨城県	関東	つくば市	医学群	医療科学類	看護・保健	4	37
筑波大学	国立	茨城県	関東	つくば市	医学群	看護学類	看護・保健	4	70
筑波大学	国立	茨城県	関東	つくば市	情報学群	情報メディア創成学類	情報	4	54
筑波大学	国立	茨城県	関東	つくば市	情報学群	情報科学類	情報	4	86
筑波大学	国立	茨城県	関東	つくば市	情報学群	知識情報・図書館学類	情報	4	100
筑波大学	国立	茨城県	関東	つくば市	理工学群	化学類	工学	4	50
筑波大学	国立	茨城県	関東	つくば市	理工学群	工学システム学類	工学	4	138
筑波大学	国立	茨城県	関東	つくば市	理工学群	応用理工学類	工学	4	120
筑波大学	国立	茨城県	関東	つくば市	理工学群	数学類	工学	4	40
筑波大学	国立	茨城県	関東	つくば市	理工学群	物理学類	工学	4	60
筑波大学	国立	茨城県	関東	つくば市	理工学群	社会工学類	工学	4	120
筑波大学	国立	茨城県	関東	つくば市	生命環境学群	地球学類	理学	4	50
筑波大学	国立	茨城県	関東	つくば市	生命環境学群	生物学類	理学	4	80
筑波大学	国立	茨城県	関東	つくば市	生命環境学群	生物資源学類	農・水産	4	120
筑波大学	国立	茨城県	関東	つくば市	社会・国際学群	国際総合学類	社会・国際	4	80
筑波大学	国立	茨城県	関東	つくば市	社会・国際学群	社会学類	社会・国際	4	80
筑波大学	国立	茨城県	関東	つくば市	芸術専門学群	芸術専門学群	芸術	4	100
筑波技術大学	国立	茨城県	関東	つくば市	保健科学部	保健学科	看護・保健	4	20
筑波技術大学	国立	茨城県	関東	つくば市	保健科学部	情報システム学科	情報	4	10
筑波技術大学	国立	茨城県	関東	つくば市	共生社会創成学部	共生社会創成学科	社会・国際	4	15
筑波技術大学	国立	茨城県	関東	つくば市	産業技術学部	産業情報学科	情報	4	32
筑波技術大学	国立	茨城県	関東	つくば市	産業技術学部	総合デザイン学科	芸術	4	13
茨城大学	国立	茨城県	関東	水戸市	人文社会科学部	人間文化学科	理学	4	110
茨城大学	国立	茨城県	関東	水戸市	人文社会科学部	法律経済学科	法学	4	130
茨城大学	国立	茨城県	関東	水戸市	人文社会科学部	現代社会学科	文・人文	4	136
茨城大学	国立	茨城県	関東	日立市	工学部	情報工学科	情報	4	100
茨城大学	国立	茨城県	関東	日立市	工学部	機械システム工学科	工学	4	136
茨城大学	国立	茨城県	関東	日立市	工学部	物質科学工学科	工学	4	110
茨城大学	国立	茨城県	関東	日立市	工学部	都市システム工学科	工学	4	60
茨城大学	国立	茨城県	関東	日立市	工学部	電気電子システム工学科	工学	4	125
茨城大学	国立	茨城県	関東	水戸市	教育学部	学校教育教員養成課程	教育	4	240
茨城大学	国立	茨城県	関東	水戸市	教育学部	養護教諭養成課程	教育	4	35
茨城大学	国立	茨城県	関東	水戸市	理学部	理学科	理学	4	205
茨城大学	国立	茨城県	関東	阿見町	農学部	地域総合農学科	農・水産	4	84
茨城大学	国立	茨城県	関東	阿見町	農学部	食生命科学科	農・水産	4	84
長崎大学	国立	長崎県	九州沖縄	長崎市	医学部	保健学科	看護・保健	4	116
長崎大学	国立	長崎県	九州沖縄	長崎市	医学部	医学科	医学	6	114
長崎大学	国立	長崎県	九州沖縄	長崎市	多文化社会学部	多文化社会学科	文・人文	4	100
長崎大学	国立	長崎県	九州沖縄	長崎市	工学部	工学科	工学	4	330
長崎大学	国立	長崎県	九州沖縄	長崎市	情報データ科学部	情報データ科学科	情報	4	120
長崎大学	国立	長崎県	九州沖縄	長崎市	教育学部	学校教育教員養成課程	教育	4	180
長崎大学	国立	長崎県	九州沖縄	長崎市	歯学部	歯学科	歯学	6	50
長崎大学	国立	長崎県	九州沖縄	長崎市	水産学部	水産学科	農・水産	4	120
長崎大学	国立	長崎県	九州沖縄	長崎市	環境科学部	環境科学科	社会・国際	4	130
長崎大学	国立	長崎県	九州沖縄	長崎市	経済学部	総合経済学科	経済・経営	4	295
長崎大学	国立	長崎県	九州沖縄	長崎市	薬学部	薬学科	薬学	6	40
長崎大学	国立	長崎県	九州沖縄	長崎市	薬学部	薬科学科	薬学	4	40
信州大学	国立	長野県	中部	松本市	人文学部	人文学科	文・人文	4	155
信州大学	国立	長野県	中部	松本市	医学部	保健学科	看護・保健	4	143
信州大学	国立	長野県	中部	松本市	医学部	医学科	医学	6	120
信州大学	国立	長野県	中部	長野市	工学部	建築学科	工学	4	60
信州大学	国立	長野県	中部	長野市	工学部	機械システム工学科	工学	4	100
信州大学	国立	長野県	中部	長野市	工学部	水環境・土木工学科	工学	4	60
信州大学	国立	長野県	中部	長野市	工学部	物質化学科	工学	4	95
信州大学	国立	長野県	中部	長野市	工学部	電子情報システム工学科	情報	4	170
信州大学	国立	長野県	中部	長野市	教育学部	学校教育教員養成課程	教育	4	240
信州大学	国立	長野県	中部	松本市	理学部	数学科	理学	4	54
信州大学	国立	長野県	中部	松本市	理学部	理学科	理学	4	151
信州大学	国立	長野県	中部	松本市	経法学部	応用経済学科	法学	4	100
信州大学	国立	長野県	中部	松本市	経法学部	総合法律学科	法学	4	80
信州大学	国立	長野県	中部	上田市	繊維学部	先進繊維・感性工学科	工学	4	65
信州大学	国立	長野県	中部	上田市	繊維学部	化学・材料学科	工学	4	105
信州大学	国立	長野県	中部	上田市	繊維学部	応用生物科学科	理学	4	50
信州大学	国立	長野県	中部	上田市	繊維学部	機械・ロボット学科	工学	4	60
信州大学	国立	長野県	中部	南箕輪村	農学部	農学生命科学科	農・水産	4	170
弘前大学	国立	青森県	東北	弘前市	人文社会科学部	文化創生課程	文・人文	4	110
弘前大学	国立	青森県	東北	弘前市	人文社会科学部	社会経営課程	経済・経営	4	155
弘前大学	国立	青森県	東北	弘前市	医学部	保健学科	看護・保健	4	200
弘前大学	国立	青森県	東北	弘前市	医学部	医学科	医学	6	112
弘前大学	国立	青森県	東北	弘前市	医学部	心理支援科学科	文・人文	4	10
弘前大学	国立	青森県	東北	弘前市	教育学部	学校教育教員養成課程	教育	4	140
弘前大学	国立	青森県	東北	弘前市	教育学部	養護教諭養成課程	教育	4	20
弘前大学	国立	青森県	東北	弘前市	理工学部	地球環境防災学科	工学	4	65
弘前大学	国立	青森県	東北	弘前市	理工学部	数物科学科	工学	4	78
弘前大学	国立	青森県	東北	弘前市	理工学部	機械科学科	工学	4	80
弘前大学	国立	青森県	東北	弘前市	理工学部	物質創成化学科	工学	4	52
弘前大学	国立	青森県	東北	弘前市	理工学部	自然エネルギー学科	工学	4	30
弘前大学	国立	青森県	東北	弘前市	理工学部	電子情報工学科	情報	4	55
弘前大学	国立	青森県	東北	弘前市	農学生命科学部	分子生命科学科	農・水産	4	40
弘前大学	国立	青森県	東北	弘前市	農学生命科学部	国際園芸農学科	農・水産	4	50
弘前大学	国立	青森県	東北	弘前市	農学生命科学部	地域環境工学科	農・水産	4	30
弘前大学	国立	青森県	東北	弘前市	農学生命科学部	生物学科	農・水産	4	40
弘前大学	国立	青森県	東北	弘前市	農学生命科学部	食料資源学科	農・水産	4	55
浜松医科大学	国立	静岡県	中部	浜松市	医学部	医学科	医学	6	115
浜松医科大学	国立	静岡県	中部	浜松市	医学部	看護学科	看護・保健	4	60
静岡大学	国立	静岡県	中部	静岡市	グローバル共創科学部	グローバル共創科学科	総合・学際	4	115
静岡大学	国立	静岡県	中部	静岡市	人文社会科学部	法学科	法学	4	114
静岡大学	国立	静岡県	中部	静岡市	人文社会科学部	社会学科	文・人文	4	60
静岡大学	国立	静岡県	中部	静岡市	人文社会科学部	経済学科	経済・経営	4	172
静岡大学	国立	静岡県	中部	静岡市	人文社会科学部	言語文化学科	理学	4	69
静岡大学	国立	静岡県	中部	浜松市	工学部	化学バイオ工学科	工学	4	110
静岡大学	国立	静岡県	中部	浜松市	工学部	数理システム工学科	工学	4	50
静岡大学	国立	静岡県	中部	浜松市	工学部	機械工学科	工学	4	160
静岡大学	国立	静岡県	中部	浜松市	工学部	電子物質科学科	工学	4	110
静岡大学	国立	静岡県	中部	浜松市	工学部	電気電子工学科	工学	4	110
静岡大学	国立	静岡県	中部	浜松市	情報学部	情報社会学科	情報	4	68
静岡大学	国立	静岡県	中部	浜松市	情報学部	情報科学科	情報	4	98
静岡大学	国立	静岡県	中部	浜松市	情報学部	行動情報学科	情報	4	69
静岡大学	国立	静岡県	中部	静岡市	教育学部	学校教育教員養成課程	教育	4	260
静岡大学	国立	静岡県	中部	静岡市	理学部	化学科	理学	4	48
静岡大学	国立	静岡県	中部	静岡市	理学部	地球科学科	理学	4	48
静岡大学	国立	静岡県	中部	静岡市	理学部	数学科	理学	4	38
静岡大学	国立	静岡県	中部	静岡市	理学部	物理学科	理学	4	48
静岡大学	国立	静岡県	中部	静岡市	理学部	生物科学科	理学	4	48
静岡大学	国立	静岡県	中部	静岡市	農学部	応用生命科学科	農・水産	4	70
静岡大学	国立	静岡県	中部	静岡市	農学部	生物資源科学科	農・水産	4	105
香川大学	国立	香川県	四国	高松市	創造工学部	創造工学科	工学	4	330
香川大学	国立	香川県	四国	三木町	医学部	医学科	医学	6	106
香川大学	国立	香川県	四国	三木町	医学部	看護学科	看護・保健	4	60
香川大学	国立	香川県	四国	三木町	医学部	臨床心理学科	看護・保健	4	20
香川大学	国立	香川県	四国	高松市	教育学部	学校教育教員養成課程	教育	4	160
香川大学	国立	香川県	四国	高松市	法学部	法学科	法学	4	160
香川大学	国立	香川県	四国	高松市	経済学部	経済学科	経済・経営	4	250
香川大学	国立	香川県	四国	三木町	農学部	応用生物科学科	農・水産	4	150
高知大学	国立	高知県	四国	高知市	人文社会科学部	人文社会科学科	文・人文	4	275
高知大学	国立	高知県	四国	南国市	医学部	医学科	医学	6	109
高知大学	国立	高知県	四国	南国市	医学部	看護学科	看護・保健	4	60
高知大学	国立	高知県	四国	高知市	地域協働学部	地域協働学科	社会・国際	4	60
高知大学	国立	高知県	四国	高知市	教育学部	学校教育教員養成課程	教育	4	130
高知大学	国立	高知県	四国	高知市	理工学部	化学生命理工学科	工学	4	70
高知大学	国立	高知県	四国	高知市	理工学部	地球環境防災学科	工学	4	40
高知大学	国立	高知県	四国	高知市	理工学部	情報科学科	情報	4	30
高知大学	国立	高知県	四国	高知市	理工学部	数学物理学科	工学	4	55
高知大学	国立	高知県	四国	高知市	理工学部	生物科学科	工学	4	45
高知大学	国立	高知県	四国	南国市	農林海洋科学部	海洋資源科学科	農・水産	4	65
高知大学	国立	高知県	四国	南国市	農林海洋科学部	農林資源科学科	農・水産	4	140
鳥取大学	国立	鳥取県	中国	米子市	医学部	保健学科	看護・保健	4	120
鳥取大学	国立	鳥取県	中国	米子市	医学部	医学科	医学	6	104
鳥取大学	国立	鳥取県	中国	米子市	医学部	生命科学科	総合・学際	4	40
鳥取大学	国立	鳥取県	中国	鳥取市	地域学部	地域学科	社会・国際	4	170
鳥取大学	国立	鳥取県	中国	鳥取市	工学部	化学バイオ系学科	工学	4	100
鳥取大学	国立	鳥取県	中国	鳥取市	工学部	機械物理系学科	工学	4	115
鳥取大学	国立	鳥取県	中国	鳥取市	工学部	社会システム土木系学科	工学	4	110
鳥取大学	国立	鳥取県	中国	鳥取市	工学部	電気情報系学科	情報	4	125
鳥取大学	国立	鳥取県	中国	鳥取市	農学部	共同獣医学科	医学	6	35
鳥取大学	国立	鳥取県	中国	鳥取市	農学部	生命環境農学科	農・水産	4	220
鹿児島大学	国立	鹿児島県	九州沖縄	鹿児島市	共同獣医学部	共同獣医学科	医学	6	30
鹿児島大学	国立	鹿児島県	九州沖縄	鹿児島市	共同獣医学部	畜産学科	獣医	4	30
鹿児島大学	国立	鹿児島県	九州沖縄	鹿児島市	医学部	保健学科	看護・保健	4	120
鹿児島大学	国立	鹿児島県	九州沖縄	鹿児島市	医学部	医学科	医学	6	110
鹿児島大学	国立	鹿児島県	九州沖縄	鹿児島市	工学部	先進工学科	工学	4	385
鹿児島大学	国立	鹿児島県	九州沖縄	鹿児島市	工学部	建築学科	工学	4	55
鹿児島大学	国立	鹿児島県	九州沖縄	鹿児島市	教育学部	学校教育教員養成課程	教育	4	190
鹿児島大学	国立	鹿児島県	九州沖縄	鹿児島市	歯学部	歯学科	歯学	6	53
鹿児島大学	国立	鹿児島県	九州沖縄	鹿児島市	水産学部	水産学科	農・水産	4	140
鹿児島大学	国立	鹿児島県	九州沖縄	鹿児島市	法文学部	人文学科	法学	4	165
鹿児島大学	国立	鹿児島県	九州沖縄	鹿児島市	法文学部	法経社会学科	法学	4	245
鹿児島大学	国立	鹿児島県	九州沖縄	鹿児島市	理学部	理学科	理学	4	185
鹿児島大学	国立	鹿児島県	九州沖縄	鹿児島市	農学部	農学科	農・水産	4	175
鹿屋体育大学	国立	鹿児島県	九州沖縄	鹿屋市	体育学部	スポーツ総合課程	体育	4	120
鹿屋体育大学	国立	鹿児島県	九州沖縄	鹿屋市	体育学部	武道課程	体育	4	50
